iter	RMSE
0	0.3997750879
1	0.3971609779
2	0.3947402654
3	0.392254169
4	0.389650958
5	0.3871568041
6	0.384728101
7	0.3826420211
8	0.3802585021
9	0.3778145579
10	0.3753932241
11	0.3729425014
12	0.3707924926
13	0.368519262
14	0.3663863149
15	0.3640422812
16	0.3619265433
17	0.3597231569
18	0.3574158303
119	0.3561468617220	0.3538888872121	0.35189347922222	0.341496932323	0.3479174149
24	0.3457620063
25	0.3438613431
26	0.3418652349
27	0.3397496382
28	0.3376775017
29	0.3283038964
30	0.3263809425
31	0.3245627987
32	0.322795463
33	0.320976216
34	0.3192516404
35	0.3173058691
36	0.3156102825
37	0.3139297997
38	0.3122609762
39	0.3105120364
40	0.3088134628
41	0.3070884568
42	0.3054598762
43	0.3038619049
444	0.3085440593445	0.306815481246	0.299114156
47	0.2974691912
48	0.2958734069
49	0.2943559936
50	0.2927668826
51	0.2912113361
52	0.2897854122
53	0.2881630898
54	0.286791305
55	0.2852608822
56	0.2837500645
57	0.2822815619
58	0.2808678052
59	0.279413248
60	0.2780795351
61	0.2767489075
62	0.2754363142
63	0.2740342095
64	0.2727537052
65	0.2714312242
66	0.2701087591
67	0.2687514737
68	0.2675335671
69	0.2663367747
70	0.2651100371
71	0.263854519
72	0.2624873128
73	0.2611676706
74	0.25999977
75	0.2587328823
76	0.2575796976
77	0.2564592223
78	0.2552693166
79	0.2540704946
80	0.2528762387
81	0.251721746
82	0.2504838916
83	0.2493317861
84	0.2481753826
85	0.2470616818
86	0.2459288458
87	0.2449160805
88	0.2439377906
89	0.2429120999
90	0.2417453757
91	0.2406063979
92	0.2394713663
93	0.2383759848
94	0.2374052779
95	0.2362716729
96	0.2352274626
97	0.2342895256
98	0.2333945694
99	0.232464376
100	0.231432357
101	0.2304977619
102	0.2295368777
103	0.2286193978
104	0.2276887313
105	0.2268623941
106	0.2259733815
107	0.2250521621
108	0.2240671837
109	0.2231735267
110	0.2223132797
111	0.2214834441
112	0.2206440116
113	0.2197783216
114	0.2188922401
115	0.2180294269
116	0.2172273255
117	0.2163811921
118	0.2154489953
119	0.214605162
120	0.2138320304
121	0.2129758481
122	0.2121576851
123	0.2114135564
124	0.2105687317
125	0.2097851713
126	0.2089827823
127	0.2082616921
128	0.2074682788
129	0.2067550355
130	0.2059430237
131	0.2052694298
132	0.2045479801
133	0.2038915131
134	0.2032356173
135	0.2025007499
136	0.2016622678
137	0.2009695457
138	0.2001689077
139	0.1995159181
140	0.198811007
141	0.1980925404
142	0.1973924745
143	0.1967191992
144	0.1960002684
145	0.1954147079
146	0.1948050628
147	0.1942185192
148	0.1935245427
149	0.192911277
150	0.1923656353
151	0.1917776479
152	0.1911709062
153	0.1905521798
154	0.189853193
155	0.1892159498
156	0.1886355117
157	0.1880127174
158	0.1874280441
159	0.1868583154
160	0.1863372005
161	0.1857124534
162	0.1851644768
163	0.1845837064
164	0.184076476
165	0.1835078401
166	0.1829966776
167	0.182484872
168	0.1819453993
169	0.1814338399
170	0.1809411051
171	0.1804079901
172	0.1798089195
173	0.1793082947
174	0.178833988
175	0.1783569749
176	0.1778152665
177	0.1772813369
178	0.1768055043
179	0.1764010245
180	0.1759250862
181	0.1754193782
182	0.1749746092
183	0.1744849907
184	0.1739745067
185	0.1734584938
186	0.1730077034
187	0.1725476538
188	0.1720688381
189	0.1716854023
190	0.1712883741
191	0.1708600455
192	0.170367341
193	0.1699725029
194	0.1695424408
195	0.1691343297
196	0.1686903891
197	0.1682548583
198	0.167877392
199	0.1674277332
200	0.166992091
201	0.1666170987
202	0.1662273144
203	0.1657962412
204	0.1653919151
205	0.1649951472
206	0.1646300933
207	0.1642673044
208	0.1638797454
209	0.1634599673
210	0.1631366151
211	0.1627988324
212	0.1624440497
213	0.1620528823
214	0.1616470878
215	0.1612633289
216	0.1609305384
217	0.1605230823
218	0.1601643272
219	0.1598105133
220	0.1594367659
221	0.1591174507
222	0.1587593901
223	0.1584143244
224	0.1580766054
225	0.1577255303
226	0.1573879779
227	0.1570847057
228	0.156732471
229	0.1564344422
230	0.1560955275
231	0.1558177952
232	0.1555190949
233	0.1552318027
234	0.154900445
235	0.1546109557
236	0.1543516264
237	0.1540865464
238	0.1538582005
239	0.1535560901
240	0.1532203038
241	0.1529121373
242	0.1526441665
243	0.1523948208
244	0.1521732277
245	0.1518866302
246	0.1516027655
247	0.15129704
248	0.1510065987
249	0.1507441702
250	0.1504481744
251	0.1501435813
252	0.1499168811
253	0.1496543599
254	0.1493706709
255	0.1490937987
256	0.1488383614
257	0.1485618169
258	0.1482961598
259	0.1480334182
260	0.1477800807
261	0.1475640793
262	0.1473365639
263	0.1470887618
264	0.1468179411
265	0.1466084359
266	0.1463456669
267	0.1461166347
268	0.1458525672
269	0.1455861388
270	0.1453103053
271	0.1450619104
272	0.1448515127
273	0.1446051853
274	0.1443952235
275	0.1441545051
276	0.1439708108
277	0.1437674158
278	0.1435096705
279	0.1432635601
280	0.1430472278
281	0.1429046973
282	0.1426929973
283	0.1425172079
284	0.1422860397
285	0.1421008109
286	0.1418634821
287	0.1416349652
288	0.1414857744
289	0.141242663
290	0.1410317536
291	0.140802294
292	0.1405906964
293	0.1403794751
294	0.1401430533
295	0.1399376795
296	0.1397572762
297	0.1395907582
298	0.1394296203
299	0.1392419451
300	0.1390339669
301	0.1388183209
302	0.1386184758
303	0.1384116179
304	0.1382052843
305	0.1380607342
306	0.1378666183
307	0.1376793772
308	0.1374893676
309	0.1373155319
310	0.1371428108
311	0.1369899134
312	0.1368053672
313	0.1366124306
314	0.136437487
315	0.1362383914
316	0.1360803037
317	0.1359040077
318	0.1357447245
319	0.1355694619
320	0.1353911168
321	0.1352237289
322	0.1350364886
323	0.1348343828
324	0.1347090758
325	0.1345616226
326	0.1344271005
327	0.1342403917
328	0.1340818264
329	0.1339362637
330	0.1337880167
331	0.1336273792
332	0.1334934373
333	0.1333566875
334	0.1331898865
335	0.1330380911
336	0.1328740922
337	0.1327336089
338	0.1325410809
339	0.1323627732
340	0.1321966424
341	0.1320598662
342	0.1319004861
343	0.1317685046
344	0.1316302413
345	0.1314716788
346	0.1313158277
347	0.1311599447
348	0.1310138471
349	0.130896404
350	0.130717039
351	0.1306109694
352	0.1304450785
353	0.130295385
354	0.1301568011
355	0.1300174349
356	0.1298788088
357	0.1297221073
358	0.1295790411
359	0.1294137248
360	0.1292883256
361	0.1291808611
362	0.1290645947
363	0.128939763
364	0.1288160367
365	0.128703519
366	0.1285904687
367	0.1284779395
368	0.1283600811
369	0.1281996024
370	0.1280750593
371	0.1279818597
372	0.1278590039
373	0.1277291662
374	0.1275872902
375	0.1274274186
376	0.1272885806
377	0.1271617675
378	0.1270608974
379	0.1269295766
380	0.1268072907
381	0.1266812509
382	0.1265571847
383	0.126434619
384	0.1263033164
385	0.1261584743
386	0.1260509426
387	0.1259312827
388	0.1257946887
389	0.125689674
390	0.1255613146
391	0.1254565939
392	0.1253429185
393	0.1252249431
394	0.1251224249
395	0.1250059818
396	0.1248982476
397	0.1247950152
398	0.1246986195
399	0.1245401162
400	0.1243998816
401	0.1243177666
402	0.124194142
403	0.1241016284
404	0.1239864725
405	0.123888109
406	0.1237753553
407	0.123668393
408	0.1235474804
409	0.1234289153
410	0.1233143266
411	0.12318352
412	0.1230609917
413	0.1229521267
414	0.1228386097
415	0.1227357685
416	0.1226022972
417	0.1224837793
418	0.1224027116
419	0.1223124431
420	0.1221950262
421	0.1220510748
422	0.1219464682
423	0.12183825
424	0.1217648891
425	0.1216850042
426	0.1215891495
427	0.1215019526
428	0.1213859016
429	0.1212720527
430	0.1211821118
431	0.121094496
432	0.1209837577
433	0.1208922485
434	0.120771022
435	0.1207044911
436	0.1206015459
437	0.1205193914
438	0.1204085644
439	0.1203014551
440	0.1202295051
441	0.1201252693
442	0.1200086465
443	0.119911833
444	0.1197837436
445	0.1197081938
446	0.1196240342
447	0.1195282406
448	0.1194379366
449	0.1193615413
450	0.1192775175
451	0.1192112134
452	0.1191088244
453	0.1190383073
454	0.1189158236
455	0.1188149436
456	0.1187346068
457	0.1186214415
458	0.118545833
459	0.1184874201
460	0.1183876217
461	0.1183066841
462	0.1182104699
463	0.1181428615
464	0.1180511849
465	0.1179553777
466	0.117862219
467	0.1177857787
468	0.117691619
469	0.1176082801
470	0.117532047
471	0.117438639
472	0.1173421106
473	0.1172835057
474	0.1171886765
475	0.1170979066
476	0.1170331228
477	0.1169494145
478	0.1168704016
479	0.1168010517
480	0.1167506437
481	0.1166625681
482	0.1165845008
483	0.1165151383
484	0.1164214793
485	0.1163270158
486	0.1162642941
487	0.1162009902
488	0.1161412837
489	0.116037327
490	0.1159401362
491	0.1158353419
492	0.1157642681
493	0.1156915155
494	0.1156160642
495	0.1155148129
496	0.1154558344
497	0.1153745577
498	0.1153103563
499	0.1152336243
500	0.1151350979
501	0.1150691347
502	0.1150050049
503	0.114913804
504	0.1148695187
505	0.1148227815
506	0.1147425464
507	0.1146771066
508	0.1146099284
509	0.1145389389
510	0.1144880232
511	0.1144151523
512	0.1143457269
513	0.1142543789
514	0.1141865294
515	0.114131945
516	0.1140503585
517	0.114013967
518	0.1139289328
519	0.1138515448
520	0.113778061
521	0.1137111396
522	0.1136132009
523	0.1135685459
524	0.1135067898
525	0.1134452559
526	0.1133550728
527	0.1132913538
528	0.113235368
529	0.1131719063
530	0.1131017382
531	0.1130284113
532	0.1129587353
533	0.1128933464
534	0.1127912668
535	0.1126943932
536	0.1126401472
537	0.1125631776
538	0.1125052162
539	0.1124492601
540	0.1123747121
541	0.1122898458
542	0.1122066495
543	0.1121528442
544	0.1120947356
545	0.1120143983
546	0.1119365409
547	0.1118713369
548	0.1118004929
549	0.1117285381
550	0.1116569212
551	0.1115721726
552	0.1115115072
553	0.1114360174
554	0.1113742039
555	0.111304906
556	0.1112453301
557	0.1111541476
558	0.1110970915
559	0.1110487321
560	0.1109582596
561	0.1109146773
562	0.1108560406
563	0.1108016822
564	0.1107164505
565	0.1106534381
566	0.1106064269
567	0.1105586714
568	0.1104910027
569	0.1104426005
570	0.1103858191
571	0.1103301
572	0.110278288
573	0.1102037806
574	0.1101393768
575	0.1100652286
576	0.1099959857
577	0.1099605083
578	0.1098904096
579	0.1098326068
580	0.1097806511
581	0.1097011886
582	0.1096428954
583	0.1096076629
584	0.1095564215
585	0.1095002053
586	0.1094352885
587	0.1093873427
588	0.1093323154
589	0.1092818371
590	0.1092217036
591	0.1091618526
592	0.1091138322
593	0.1090437203
594	0.1090058757
595	0.1089549663
596	0.1089142864
597	0.1088538345
598	0.1088389394
599	0.1088166903
600	0.108743816
601	0.108699984
602	0.1086246028
603	0.1085714376
604	0.1085200584
605	0.1084814619
606	0.108428074
607	0.1083617065
608	0.1082976346
609	0.1082391131
610	0.1081749324
611	0.1081178006
612	0.1080642915
613	0.1080293717
614	0.107961004
615	0.1079029759
616	0.1078561856
617	0.1077951662
618	0.107751418
619	0.1076912668
620	0.1076462278
621	0.1075771278
622	0.1075294914
623	0.1074646873
624	0.1074053255
625	0.1073646427
626	0.1073097623
627	0.1072730221
628	0.107219273
629	0.1071762537
630	0.1071142891
631	0.1070570853
632	0.1070134658
633	0.1069675809
634	0.1069216287
635	0.1068837538
636	0.1068347698
637	0.1067968807
638	0.106756477
639	0.1066957985
640	0.1066482264
641	0.1066078568
642	0.1065675228
643	0.1065199964
644	0.1064776455
645	0.1063941389
646	0.1063486226
647	0.1063065611
648	0.1062648315
649	0.1062211536
650	0.1061801757
651	0.1061178824
652	0.1060522466
653	0.1059979723
654	0.1059511093
655	0.1058937451
656	0.1058583243
657	0.1057969953
658	0.1057510682
659	0.1057120916
660	0.1056529619
661	0.1056060359
662	0.1055494206
663	0.1054957531
664	0.1054408209
665	0.1053962022
666	0.1053351618
667	0.1052812332
668	0.105233263
669	0.1051955801
670	0.1051785289
671	0.1051319058
672	0.1050888276
673	0.1050546584
674	0.1050036369
675	0.1049682152
676	0.1049249411
677	0.104859698
678	0.1048056982
679	0.1047600127
680	0.1047140495
681	0.1046680813
682	0.1046286855
683	0.1045743986
684	0.1045349235
685	0.104466468
686	0.1044150431
687	0.1043679449
688	0.1043149592
689	0.1042739026
690	0.1042278248
691	0.1041974465
692	0.1041448878
693	0.1041006597
694	0.1040521241
695	0.104025776
696	0.1039707436
697	0.1039226197
698	0.1038747063
699	0.1038352242
700	0.1037880876
701	0.1037392627
702	0.1036959897
703	0.1036396392
704	0.1036012329
705	0.1035580793
706	0.1035248955
707	0.103488471
708	0.1034518167
709	0.1034053459
710	0.1033651604
711	0.1033138745
712	0.1032785742
713	0.1032430692
714	0.1031973044
715	0.1031585799
716	0.1030961605
717	0.10306238
718	0.1030194509
719	0.1029942891
720	0.1029539732
721	0.1029078492
722	0.1028645043
723	0.1028301589
724	0.1027899936
725	0.102747416
726	0.1027155253
727	0.1026776647
728	0.1026318871
729	0.1025963265
730	0.1025600424
731	0.1025143304
732	0.1024685418
733	0.1024275191
734	0.1023687018
735	0.1023337419
736	0.1023007349
737	0.1022446553
738	0.1022165948
739	0.1021782465
740	0.102122776
741	0.1020710983
742	0.102025994
743	0.1020018463
744	0.1019474356
745	0.1018972158
746	0.1018496627
747	0.101813776
748	0.1017750539
749	0.1017248662
750	0.1016745458
751	0.1016321531
752	0.1016024532
753	0.1015624671
754	0.1015307334
755	0.1014965977
756	0.1014654247
757	0.1014235953
758	0.1013855366
759	0.1013519127
760	0.1013214846
761	0.1012733686
762	0.1012433446
763	0.1012019295
764	0.1011519884
765	0.1011239892
766	0.1010880756
767	0.1010641782
768	0.1010334476
769	0.1009751025
770	0.1009376588
771	0.1009170011
772	0.1008799765
773	0.1008497278
774	0.1008090666
775	0.1007751563
776	0.1007461633
777	0.1007156086
778	0.1006785653
779	0.1006440662
780	0.1005854584
781	0.1005483754
782	0.100515476
783	0.100475865
784	0.1004390811
785	0.10039258
786	0.1003527435
787	0.1003195797
788	0.1002922631
789	0.1002533102
790	0.100232176
791	0.1001918218
792	0.1001363748
793	0.1001091921
794	0.1000753845
795	0.1000457097
796	0.1000155385
797	0.09998568556
798	0.09993056699
799	0.0999031098
800	0.09986190491
801	0.09983316814
802	0.09979501671
803	0.09975925671
804	0.0997210387
805	0.09968648437
806	0.09965296783
807	0.09962192842
808	0.09957683268
809	0.09952692579
810	0.09949476137
811	0.09946126592
812	0.09943298639
813	0.09939876011
814	0.09935021031
815	0.09930864469
816	0.0992720796
817	0.09924944532
818	0.09922812375
819	0.09918310405
820	0.09915181269
821	0.09911609665
822	0.09907668902
823	0.09904604966
824	0.09901303149
825	0.0989746937
826	0.09893757467
827	0.09890429393
828	0.09885758902
829	0.09881351937
830	0.09877980136
831	0.09874813378
832	0.09872437817
833	0.09868243525
834	0.09864618207
835	0.09861187256
836	0.09857392556
837	0.09854284432
838	0.09851271187
839	0.09848606364
840	0.0984437362
841	0.09840459343
842	0.0983760039
843	0.09835422467
844	0.09832333456
845	0.09827224719
846	0.09824168457
847	0.0981969263
848	0.09816321225
849	0.09813760463
850	0.09811285685
851	0.09807901537
852	0.0980490362
853	0.09802409045
854	0.09798867229
855	0.09794494184
856	0.09791948036
857	0.09789194088
858	0.09786078032
859	0.09782707384
860	0.09779731043
861	0.09775671759
862	0.09772546978
863	0.09770637576
864	0.09768231297
865	0.09765484621
866	0.0976232238
867	0.09760254897
868	0.09757155381
869	0.09753801487
870	0.09750552385
871	0.09748438875
872	0.0974545374
873	0.09742842441
874	0.09740317353
875	0.09735831526
876	0.09733559003
877	0.0973156592
878	0.09727535561
879	0.09725183106
880	0.09722770711
881	0.09720239372
882	0.09717089436
883	0.09714294734
884	0.09710214852
885	0.0970795869
886	0.09705967118
887	0.09701090812
888	0.09698838884
889	0.09695403858
890	0.09692112071
891	0.09689586208
892	0.09687692714
893	0.09683709415
894	0.09681288166
895	0.09678907955
896	0.09675035031
897	0.09672862546
898	0.09669077441
899	0.09666767703
900	0.09664131397
901	0.09662052445
902	0.09658382239
903	0.0965634927
904	0.0965308633
905	0.09649799206
906	0.09645992511
907	0.09643964049
908	0.0964024248
909	0.09637587966
910	0.09635467414
911	0.0963367684
912	0.096307698
913	0.09628314154
914	0.09623347556
915	0.09621401612
916	0.09617481551
917	0.09613659667
918	0.09611648645
919	0.09609962542
920	0.09607667321
921	0.09605392682
922	0.09602223026
923	0.09599651285
924	0.09597468574
925	0.09595229964
926	0.09591897771
927	0.09589277541
928	0.0958675205
929	0.09583192954
930	0.09579322361
931	0.09576822689
932	0.09573815336
933	0.09568335828
934	0.09566221385
935	0.0956327523
936	0.0956189072
937	0.0955973567
938	0.09556677015
939	0.09554777987
940	0.09550898639
941	0.09546907496
942	0.09544794772
943	0.09542086485
944	0.09537562289
945	0.09534473603
946	0.09531775005
947	0.09528306862
948	0.09525873714
949	0.09524394267
950	0.09520957546
951	0.09518413308
952	0.09515024388
953	0.0951361872
954	0.09509627365
955	0.09505865594
956	0.09504098093
957	0.09499735894
958	0.09497622125
959	0.09496107961
960	0.09492422979
961	0.09491019421
962	0.09489435363
963	0.09486519529
964	0.09484737751
965	0.09482003431
966	0.09480041355
967	0.09476549987
968	0.09474865085
969	0.09472300698
970	0.09469628347
971	0.09466063361
972	0.09464124254
973	0.09462237749
974	0.0946034667
975	0.09457231553
976	0.09455283917
977	0.09451149247
978	0.09449756602
979	0.09447191064
980	0.09442828364
981	0.09440011414
982	0.09438007006
983	0.09435582585
984	0.09431871612
985	0.09428916234
986	0.09427979328
987	0.09426778805
988	0.09424558602
989	0.09423681519
990	0.09422355914
991	0.09420387323
992	0.09417100021
993	0.09413665363
994	0.09410105221
995	0.09408600323
996	0.09405039273
997	0.09401939676
998	0.09399023512
999	0.09396088986
1000	0.09393319116
1001	0.09390865018
1002	0.09387094433
1003	0.09385904488
1004	0.09381848868
1005	0.09379238897
1006	0.09376426942
1007	0.09375041965
1008	0.0937166581
1009	0.09368683099
1010	0.0936692858
1011	0.09365907135
1012	0.09363388875
1013	0.09361230002
1014	0.09358874343
1015	0.09355117599
1016	0.09354296679
1017	0.09353483229
1018	0.09351108815
1019	0.09348449011
1020	0.09346067695
1021	0.09344233864
1022	0.09342145214
1023	0.09339727239
1024	0.09335920597
1025	0.09332638684
1026	0.09330546333
1027	0.09327795127
1028	0.09326173402
1029	0.09323193028
1030	0.09322082462
1031	0.09320663593
1032	0.09318332312
1033	0.09316184951
1034	0.09314038916
1035	0.09310488296
1036	0.09306764533
1037	0.09303180736
1038	0.09302092277
1039	0.0930028758
1040	0.09299044912
1041	0.0929786069
1042	0.09296791265
1043	0.09295746906
1044	0.09293321015
1045	0.092913339
1046	0.09290651563
1047	0.09287361374
1048	0.09285184714
1049	0.09283956584
1050	0.09281676877
1051	0.09280270643
1052	0.09276463362
1053	0.09275308459
1054	0.09274118513
1055	0.09270404487
1056	0.09268362691
1057	0.09266728668
1058	0.09264190931
1059	0.09262421439
1060	0.09258883896
1061	0.09255309086
1062	0.09252458706
1063	0.09249025106
1064	0.09245925671
1065	0.09244453685
1066	0.09242179734
1067	0.09241152826
1068	0.09238660375
1069	0.09235075034
1070	0.09233921716
1071	0.09230358608
1072	0.09228173912
1073	0.09224559163
1074	0.09221719502
1075	0.09220356358
1076	0.09218937607
1077	0.09217909762
1078	0.09215437116
1079	0.09213972003
1080	0.09212761486
1081	0.09211434853
1082	0.09209316199
1083	0.0920620748
1084	0.09204597519
1085	0.09201132422
1086	0.09197724422
1087	0.09195593698
1088	0.0919463303
1089	0.09191919538
1090	0.0918991479
1091	0.09186198057
1092	0.09184164769
1093	0.09181522687
1094	0.09178372366
1095	0.09175867637
1096	0.09171676174
1097	0.09170353237
1098	0.09168517931
1099	0.09167418563
1100	0.09163296086
1101	0.09159650195
1102	0.09157620436
1103	0.09156343646
1104	0.09155229408
1105	0.09153265931
1106	0.09152588971
1107	0.0915112268
1108	0.09148400683
1109	0.09146555746
1110	0.09145073695
1111	0.09142686763
1112	0.09140793056
1113	0.09138793233
1114	0.09136680478
1115	0.09133299459
1116	0.09131836296
1117	0.09130657718
1118	0.09128359295
1119	0.09126019089
1120	0.09123031605
1121	0.09121783625
1122	0.09119990907
1123	0.09117475646
1124	0.09113876727
1125	0.09111550778
1126	0.09108343063
1127	0.09107071003
1128	0.09103791881
1129	0.09101932674
1130	0.09099711594
1131	0.09098277873
1132	0.09096589933
1133	0.09093783386
1134	0.09091210641
1135	0.09089179569
1136	0.09088533586
1137	0.09085185899
1138	0.0908274897
1139	0.0907939712
1140	0.09078177749
1141	0.09077424586
1142	0.0907671351
1143	0.09075304636
1144	0.09073622517
1145	0.09072443361
1146	0.09071244293
1147	0.0906992846
1148	0.09068173196
1149	0.09066882696
1150	0.09065261613
1151	0.09063166339
1152	0.09061814488
1153	0.09058687683
1154	0.09056649479
1155	0.09055571273
1156	0.09052330878
1157	0.09049790562
1158	0.09046457552
1159	0.0904499172
1160	0.09043776328
1161	0.09041739967
1162	0.09038402709
1163	0.09037760838
1164	0.09036679177
1165	0.09035502493
1166	0.09033779489
1167	0.09031626619
1168	0.09030705441
1169	0.09029269876
1170	0.09026672286
1171	0.09024055934
1172	0.09021183646
1173	0.09020506403
1174	0.09018851716
1175	0.09016503054
1176	0.09015884052
1177	0.09014211198
1178	0.09013010007
1179	0.0901239566
1180	0.09010965831
1181	0.09010004192
1182	0.09008828408
1183	0.09005769254
1184	0.09003788264
1185	0.0900250633
1186	0.09000246364
1187	0.08998828374
1188	0.08996997362
1189	0.08995989489
1190	0.08994849452
1191	0.08991991906
1192	0.08988398942
1193	0.08985109357
1194	0.08983239426
1195	0.08980754874
1196	0.08978600168
1197	0.08976744675
1198	0.08976132598
1199	0.08973615779
1200	0.08971042902
1201	0.08968366519
1202	0.08965717437
1203	0.08963148154
1204	0.08960859156
1205	0.0895973063
1206	0.08958870708
1207	0.08957285252
1208	0.0895616459
1209	0.08953269605
1210	0.08951736749
1211	0.08949917503
1212	0.08948744882
1213	0.08947898915
1214	0.089468144
1215	0.08945709221
1216	0.0894248228
1217	0.08939867031
1218	0.08938381668
1219	0.08935592754
1220	0.08931774121
1221	0.08928964012
1222	0.08927679137
1223	0.08925807958
1224	0.08923276256
1225	0.08920277418
1226	0.08917656369
1227	0.08914224483
1228	0.08912216544
1229	0.08910120339
1230	0.08908070904
1231	0.08904848499
1232	0.08903697794
1233	0.08902696811
1234	0.08900338498
1235	0.08898181748
1236	0.08896283194
1237	0.08894710013
1238	0.08892415457
1239	0.08889538375
1240	0.08887070934
1241	0.08886181472
1242	0.08883607937
1243	0.08882326718
1244	0.08880290114
1245	0.08878365761
1246	0.08876288521
1247	0.08875713618
1248	0.0887402937
1249	0.08873458913
1250	0.08872134234
1251	0.0887087312
1252	0.08868534476
1253	0.08867604582
1254	0.0886476282
1255	0.08863939793
1256	0.08861129475
1257	0.08858360984
1258	0.08855475181
1259	0.08854555395
1260	0.08853043054
1261	0.08849501738
1262	0.08847762094
1263	0.0884664462
1264	0.08843658633
1265	0.08841788618
1266	0.088380161
1267	0.08835767895
1268	0.08833722102
1269	0.08832002385
1270	0.08829339401
1271	0.08827047443
1272	0.0882381019
1273	0.08822813878
1274	0.08821847378
1275	0.08819454629
1276	0.08816279583
1277	0.088147932
1278	0.08812724378
1279	0.08810322665
1280	0.08807601166
1281	0.08806468647
1282	0.08803432279
1283	0.08802449393
1284	0.08801896092
1285	0.08799306352
1286	0.08796981482
1287	0.08795505606
1288	0.0879343358
1289	0.08790988525
1290	0.08789135622
1291	0.08788570178
1292	0.08786065384
1293	0.08782448861
1294	0.0878070676
1295	0.08778365705
1296	0.08775371162
1297	0.08774811288
1298	0.08772491308
1299	0.08769484266
1300	0.08767282399
1301	0.08765478978
1302	0.08762673299
1303	0.08761597022
1304	0.08759321862
1305	0.08756617602
1306	0.08754160255
1307	0.08752371071
1308	0.08750915845
1309	0.08747686152
1310	0.08747152023
1311	0.08745237996
1312	0.08743203402
1313	0.08741003603
1314	0.08740290194
1315	0.08738847648
1316	0.08738143294
1317	0.08737100449
1318	0.08734540756
1319	0.08731782477
1320	0.08729636456
1321	0.0872677197
1322	0.08723723033
1323	0.08721637791
1324	0.0871841505
1325	0.08716333898
1326	0.08714706923
1327	0.08714262253
1328	0.08711386713
1329	0.08709840055
1330	0.08707372185
1331	0.08705033906
1332	0.08704592764
1333	0.08703632487
1334	0.08700377714
1335	0.0869882239
1336	0.08697470277
1337	0.08694863161
1338	0.08692953115
1339	0.08690417293
1340	0.086877816
1341	0.08685973647
1342	0.08683949903
1343	0.08682092898
1344	0.08680520191
1345	0.08679600792
1346	0.08677645502
1347	0.08676330271
1348	0.08674148769
1349	0.08671619797
1350	0.08669586803
1351	0.08668724474
1352	0.08666596744
1353	0.08664267315
1354	0.08663550845
1355	0.08661297014
1356	0.08660612661
1357	0.08658917846
1358	0.086565778
1359	0.08654221348
1360	0.08653445794
1361	0.08652929517
1362	0.08649776697
1363	0.08648191394
1364	0.08645997987
1365	0.08643903262
1366	0.08642585844
1367	0.0864165136
1368	0.08640170148
1369	0.08637972452
1370	0.08634931007
1371	0.08632065959
1372	0.08630587355
1373	0.08629176091
1374	0.08627670395
1375	0.08625722613
1376	0.08623887462
1377	0.08622337424
1378	0.08620730834
1379	0.08620304869
1380	0.08619448336
1381	0.08619026397
1382	0.08616457973
1383	0.08614270058
1384	0.08613570842
1385	0.08611710705
1386	0.08610704491
1387	0.08610286967
1388	0.08608900314
1389	0.08606523053
1390	0.08603379883
1391	0.08601075839
1392	0.08598247845
1393	0.08596596444
1394	0.08595053333
1395	0.08592837155
1396	0.08591038486
1397	0.08589153055
1398	0.08587313268
1399	0.08585002065
1400	0.08584183933
1401	0.08581804614
1402	0.08579883475
1403	0.08579039428
1404	0.08576965103
1405	0.08576197193
1406	0.08574009315
1407	0.08572523041
1408	0.08570168068
1409	0.08567399961
1410	0.08564705962
1411	0.08561949729
1412	0.08561304917
1413	0.08559734175
1414	0.08559322831
1415	0.08557143119
1416	0.08555939086
1417	0.0855290744
1418	0.08549927926
1419	0.08548973479
1420	0.08546916004
1421	0.08543165802
1422	0.08541695724
1423	0.08539212978
1424	0.08536964091
1425	0.08536264143
1426	0.085349001
1427	0.08533256964
1428	0.08530664685
1429	0.08528869692
1430	0.08528231703
1431	0.0852774093
1432	0.08525727934
1433	0.08524302321
1434	0.085236716
1435	0.08522459983
1436	0.0852205699
1437	0.08519970779
1438	0.08519045279
1439	0.08518077916
1440	0.08517080242
1441	0.08515631354
1442	0.08514916784
1443	0.08514243266
1444	0.08513623694
1445	0.08511873232
1446	0.08509592841
1447	0.08507893081
1448	0.08506062408
1449	0.08504325005
1450	0.08503833445
1451	0.08502916769
1452	0.08501197482
1453	0.08500882878
1454	0.0850057028
1455	0.08497911404
1456	0.08497285287
1457	0.08493526876
1458	0.08492491899
1459	0.08491764283
1460	0.08491304951
1461	0.08489561192
1462	0.08486978014
1463	0.08484949321
1464	0.08483627349
1465	0.08481698275
1466	0.08479345318
1467	0.08477928785
1468	0.08476588694
1469	0.08474592148
1470	0.08473784646
1471	0.08472796406
1472	0.08472319472
1473	0.08470643117
1474	0.08469314395
1475	0.08467164401
1476	0.08466022946
1477	0.08464001454
1478	0.08461567885
1479	0.08460695506
1480	0.08458296459
1481	0.08455408417
1482	0.0845397607
1483	0.08451389088
1484	0.08449926959
1485	0.08448056342
1486	0.08445124928
1487	0.08441719651
1488	0.08439727262
1489	0.08439232608
1490	0.08436958089
1491	0.08434922735
1492	0.08432811823
1493	0.0843191308
1494	0.08429752833
1495	0.08427177431
1496	0.08425398151
1497	0.08423176077
1498	0.08421193957
1499	0.08418854186
1500	0.08418478206
1501	0.08415300325
1502	0.0841254611
1503	0.08410409916
1504	0.08407569177
1505	0.08405722196
1506	0.08404359214
1507	0.08401748889
1508	0.08398949053
1509	0.08396342687
1510	0.08394285348
1511	0.08392645152
1512	0.08389778713
1513	0.08388030978
1514	0.08385587538
1515	0.08383487727
1516	0.08382899401
1517	0.0838058106
1518	0.08377474532
1519	0.08375791786
1520	0.08373247047
1521	0.08372647142
1522	0.08371778749
1523	0.08370235855
1524	0.08368428797
1525	0.08366355091
1526	0.08363461308
1527	0.08360868575
1528	0.08360009825
1529	0.08357551036
1530	0.08355711481
1531	0.08355342331
1532	0.08354748379
1533	0.08353093558
1534	0.08352828205
1535	0.08351457054
1536	0.0834879285
1537	0.08348096685
1538	0.08345786056
1539	0.08345200823
1540	0.08343656089
1541	0.08342408757
1542	0.08339927899
1543	0.08337437993
1544	0.08335964724
1545	0.08334571984
1546	0.08332643595
1547	0.08330855041
1548	0.08330496658
1549	0.08330141131
1550	0.08328976762
1551	0.08326139928
1552	0.08325788049
1553	0.08324404487
1554	0.08322258634
1555	0.08321585234
1556	0.08319410386
1557	0.08317392189
1558	0.08315706192
1559	0.08314948736
1560	0.08314587983
1561	0.0831159546
1562	0.08310684911
1563	0.08309724293
1564	0.08308569015
1565	0.08307060637
1566	0.08304309358
1567	0.08302700887
1568	0.08302357254
1569	0.08300196536
1570	0.0829890868
1571	0.08296826081
1572	0.08294743817
1573	0.08292995811
1574	0.08290612575
1575	0.08288238746
1576	0.08286143053
1577	0.08285584773
1578	0.08283858531
1579	0.0828220981
1580	0.08280117737
1581	0.08278522533
1582	0.08277646488
1583	0.08276189884
1584	0.08273892305
1585	0.0827307974
1586	0.0827124295
1587	0.08268315867
1588	0.08266963349
1589	0.08264089995
1590	0.08263735436
1591	0.08261708161
1592	0.08260438096
1593	0.08258327857
1594	0.08257487897
1595	0.08255881806
1596	0.08254236012
1597	0.08252210618
1598	0.08250262297
1599	0.0824947267
1600	0.08248276067
1601	0.08247925459
1602	0.0824578306
1603	0.0824393946
1604	0.08242547089
1605	0.08241054919
1606	0.08240207116
1607	0.08237620986
1608	0.08234936546
1609	0.08233258079
1610	0.08231809455
1611	0.08230928333
1612	0.08229347281
1613	0.08227542524
1614	0.08225714978
1615	0.08224330271
1616	0.08222359633
1617	0.08220205469
1618	0.08219029126
1619	0.08218127276
1620	0.08216448941
1621	0.08215025421
1622	0.08212264527
1623	0.0821018204
1624	0.08208645889
1625	0.08206945229
1626	0.08205578416
1627	0.08203766263
1628	0.08202115807
1629	0.08201143675
1630	0.08199348805
1631	0.08197747447
1632	0.08196254595
1633	0.08194682278
1634	0.08193049418
1635	0.08190613256
1636	0.08187084161
1637	0.08184452907
1638	0.08184107228
1639	0.08183110231
1640	0.08180547243
1641	0.08179153553
1642	0.08177369981
1643	0.08174686325
1644	0.08172295886
1645	0.08170685372
1646	0.08168767655
1647	0.08167504106
1648	0.08165276979
1649	0.08164049474
1650	0.08162444487
1651	0.0816175078
1652	0.08159023833
1653	0.081567523
1654	0.08153482112
1655	0.08151553179
1656	0.08149624156
1657	0.08147931241
1658	0.08146859135
1659	0.0814514247
1660	0.08143460808
1661	0.08142927893
1662	0.08141265295
1663	0.08139438033
1664	0.08137916262
1665	0.08137096666
1666	0.08136756074
1667	0.08134525725
1668	0.08130715707
1669	0.0812874515
1670	0.08127234887
1671	0.08125118219
1672	0.08124590399
1673	0.08122422061
1674	0.08121969982
1675	0.0812144678
1676	0.08118156004
1677	0.08116558518
1678	0.0811469053
1679	0.08112120285
1680	0.08110812025
1681	0.08108855762
1682	0.0810631904
1683	0.08104567619
1684	0.08103050165
1685	0.08101413897
1686	0.08099866461
1687	0.08099270438
1688	0.08097852143
1689	0.08096237787
1690	0.08094457884
1691	0.08092887267
1692	0.08091147585
1693	0.08088858079
1694	0.08087268849
1695	0.08085737998
1696	0.08083936573
1697	0.080827613
1698	0.08081281288
1699	0.08079175583
1700	0.08077398788
1701	0.08075889041
1702	0.08073282579
1703	0.08071443063
1704	0.08069362701
1705	0.08067562372
1706	0.08065645207
1707	0.08063844498
1708	0.08061606591
1709	0.08060309652
1710	0.08058184876
1711	0.08056690739
1712	0.0805587491
1713	0.08053841834
1714	0.08053107577
1715	0.08051966664
1716	0.08050307687
1717	0.08049494492
1718	0.0804912231
1719	0.08046526957
1720	0.08045640259
1721	0.08044114963
1722	0.08042014594
1723	0.08040523173
1724	0.08038379557
1725	0.08036281411
1726	0.0803431933
1727	0.08032821697
1728	0.08032126324
1729	0.0803063901
1730	0.08028216237
1731	0.08026686819
1732	0.08024434262
1733	0.08022675629
1734	0.08020711258
1735	0.08019232811
1736	0.08018033745
1737	0.08015993056
1738	0.08014588959
1739	0.08013672239
1740	0.08011465176
1741	0.08009990256
1742	0.08008826634
1743	0.0800663419
1744	0.08005894969
1745	0.08004064914
1746	0.08003170237
1747	0.08001125625
1748	0.08000550684
1749	0.07999080034
1750	0.07996529432
1751	0.0799506046
1752	0.07993389371
1753	0.07992108422
1754	0.07990649353
1755	0.07988409682
1756	0.07986522954
1757	0.0798516353
1758	0.0798358797
1759	0.07982144417
1760	0.07980749894
1761	0.07978948997
1762	0.07978267648
1763	0.079763356
1764	0.07975436417
1765	0.07973697164
1766	0.07972569492
1767	0.07972144923
1768	0.0797031105
1769	0.07968265297
1770	0.07967497635
1771	0.07966451352
1772	0.0796524645
1773	0.07964536859
1774	0.07962765828
1775	0.07961962873
1776	0.07960406742
1777	0.07959159989
1778	0.07958016531
1779	0.07955941614
1780	0.07953402032
1781	0.07951725735
1782	0.07950351539
1783	0.0794798352
1784	0.07946932308
1785	0.07945929844
1786	0.0794423548
1787	0.0794278876
1788	0.07942067859
1789	0.07940316946
1790	0.0793936218
1791	0.07937593699
1792	0.07935923253
1793	0.07933220949
1794	0.07930991505
1795	0.07930385602
1796	0.07930031872
1797	0.07928305585
1798	0.0792659308
1799	0.07926142698
1800	0.0792292708
1801	0.07921523953
1802	0.07919805342
1803	0.07918308951
1804	0.07917188213
1805	0.07915244117
1806	0.07913361473
1807	0.07910956104
1808	0.07908855874
1809	0.0790807687
1810	0.07906544828
1811	0.07905371159
1812	0.07903495155
1813	0.07902097573
1814	0.07900741534
1815	0.07899879119
1816	0.07897876326
1817	0.0789752816
1818	0.07897166557
1819	0.0789577689
1820	0.07893320349
1821	0.0789185079
1822	0.07890543518
1823	0.07889816963
1824	0.07889414562
1825	0.07888861424
1826	0.07887106128
1827	0.0788368057
1828	0.07883035442
1829	0.07881306635
1830	0.07880015952
1831	0.07879049683
1832	0.07877543797
1833	0.07875507419
1834	0.07873314302
1835	0.07871937172
1836	0.07870240427
1837	0.07868875168
1838	0.07866278522
1839	0.07864678081
1840	0.07864305176
1841	0.07862780404
1842	0.07860750566
1843	0.07859393142
1844	0.07858352927
1845	0.07857466923
1846	0.07856731339
1847	0.0785456718
1848	0.07851933116
1849	0.07850857297
1850	0.0785061416
1851	0.07848796621
1852	0.07847337641
1853	0.07845757793
1854	0.07843973279
1855	0.07842997515
1856	0.078412018
1857	0.0783892382
1858	0.07837162515
1859	0.07836741632
1860	0.07834801881
1861	0.0783317283
1862	0.07832084806
1863	0.07829976521
1864	0.07828185094
1865	0.07827517518
1866	0.07826285763
1867	0.07824301498
1868	0.0782334518
1869	0.07822724356
1870	0.07821095031
1871	0.07819913359
1872	0.07818598358
1873	0.07817579605
1874	0.07817280231
1875	0.07816133537
1876	0.07813991566
1877	0.07812369773
1878	0.07811297529
1879	0.07809884834
1880	0.07808106504
1881	0.07805942736
1882	0.07804522078
1883	0.07802443613
1884	0.07800102979
1885	0.07798491343
1886	0.07796764776
1887	0.07795535844
1888	0.07794219466
1889	0.07792627964
1890	0.07791586934
1891	0.07789792219
1892	0.07789017678
1893	0.07787852714
1894	0.07787294804
1895	0.07786367358
1896	0.07785220448
1897	0.07783757084
1898	0.07781976328
1899	0.07780852799
1900	0.07778879624
1901	0.07777484538
1902	0.077751494
1903	0.07773240556
1904	0.07772436333
1905	0.0777012499
1906	0.07766875212
1907	0.07766635674
1908	0.07764299447
1909	0.07763070109
1910	0.07761696306
1911	0.07759165202
1912	0.07757707652
1913	0.07755616762
1914	0.07754298932
1915	0.07752431683
1916	0.07751520483
1917	0.07749992999
1918	0.07748254834
1919	0.07747361372
1920	0.07745402464
1921	0.07743908197
1922	0.07743111483
1923	0.07741503547
1924	0.07739768652
1925	0.07738704555
1926	0.07737899697
1927	0.07737499972
1928	0.07736122816
1929	0.07734546475
1930	0.0773208176
1931	0.07730728764
1932	0.07729381354
1933	0.07728588582
1934	0.0772725152
1935	0.07725851463
1936	0.07723721472
1937	0.0772262351
1938	0.077212996
1939	0.07719798205
1940	0.07718207486
1941	0.07715956878
1942	0.07715329703
1943	0.07714435688
1944	0.07712928896
1945	0.07711851219
1946	0.07709961071
1947	0.07708081596
1948	0.07706359636
1949	0.07705052996
1950	0.07704761528
1951	0.07703449431
1952	0.07702202168
1953	0.07700656073
1954	0.07698586624
1955	0.07697837445
1956	0.07695931527
1957	0.07694380185
1958	0.07693090874
1959	0.07691913905
1960	0.07689897836
1961	0.07688433366
1962	0.07687851943
1963	0.0768564397
1964	0.07685265111
1965	0.07682796339
1966	0.07681216196
1967	0.07679304322
1968	0.07678393966
1969	0.07676724556
1970	0.07675316602
1971	0.07674234238
1972	0.07673675941
1973	0.07672947353
1974	0.07671726286
1975	0.07670982909
1976	0.07669837914
1977	0.07667509463
1978	0.07666219584
1979	0.07665170165
1980	0.07663448242
1981	0.07662393137
1982	0.07661147914
1983	0.0766086416
1984	0.07659696738
1985	0.0765816307
1986	0.07657935711
1987	0.07656273127
1988	0.07655117138
1989	0.07654180496
1990	0.0765361678
1991	0.0765218756
1992	0.0765105981
1993	0.07648632967
1994	0.07646385711
1995	0.0764572599
1996	0.07643884437
1997	0.07642587813
1998	0.07641036856
1999	0.07640478294
2000	0.07637819295
2001	0.0763635875
2002	0.07635353008
2003	0.07634836263
2004	0.07633102195
2005	0.07631351832
2006	0.07629890469
2007	0.0762866969
2008	0.07627867564
2009	0.07626064314
2010	0.07625265013
2011	0.07624009577
2012	0.07623011485
2013	0.07622444499
2014	0.07621452881
2015	0.07620722776
2016	0.07619061006
2017	0.07618639299
2018	0.07618339736
2019	0.07617612288
2020	0.07615515121
2021	0.07614265687
2022	0.07612145291
2023	0.07611382043
2024	0.07610348162
2025	0.07608593582
2026	0.07606114012
2027	0.07604881702
2028	0.07603329819
2029	0.07602308192
2030	0.07601750306
2031	0.07600909859
2032	0.07599517395
2033	0.07598111399
2034	0.0759601561
2035	0.07595183655
2036	0.07594460399
2037	0.07592915286
2038	0.07592196183
2039	0.07590798679
2040	0.07590503757
2041	0.07588476527
2042	0.07586995076
2043	0.07583823424
2044	0.07582024797
2045	0.07580449201
2046	0.07578968336
2047	0.07578675833
2048	0.07577515875
2049	0.07576169226
2050	0.07574275939
2051	0.07573173548
2052	0.07572838086
2053	0.0757118296
2054	0.07570093894
2055	0.07568415884
2056	0.0756786064
2057	0.07565885972
2058	0.07564504871
2059	0.07563417069
2060	0.07562888441
2061	0.07561642327
2062	0.07559568693
2063	0.07559021932
2064	0.07558805397
2065	0.07557277508
2066	0.07555012254
2067	0.07553853483
2068	0.07552471497
2069	0.07551078637
2070	0.075496685
2071	0.07547949992
2072	0.07547435334
2073	0.07547229077
2074	0.0754670874
2075	0.07545299559
2076	0.07544773365
2077	0.07544448892
2078	0.07543248927
2079	0.07541618529
2080	0.07539630081
2081	0.07538562615
2082	0.07536228919
2083	0.07534746649
2084	0.07533609085
2085	0.07532679372
2086	0.07531313403
2087	0.07530218528
2088	0.07528964444
2089	0.07526842498
2090	0.07525574464
2091	0.07524440286
2092	0.07522308204
2093	0.07520462115
2094	0.07518851342
2095	0.07516842299
2096	0.07516273307
2097	0.07515054528
2098	0.0751320684
2099	0.0751166487
2100	0.0751134281
2101	0.07510227445
2102	0.07508651595
2103	0.07506827109
2104	0.07506298085
2105	0.07503977788
2106	0.07502538535
2107	0.0750120299
2108	0.07500862805
2109	0.07499446991
2110	0.0749774418
2111	0.07495921704
2112	0.07494901792
2113	0.07493108101
2114	0.07492579694
2115	0.07491284956
2116	0.07489871521
2117	0.07488553247
2118	0.07487450708
2119	0.07485651217
2120	0.07484069611
2121	0.07482462901
2122	0.07480183441
2123	0.07478640677
2124	0.07477929878
2125	0.07477265412
2126	0.07476117602
2127	0.07474888428
2128	0.07473387965
2129	0.07473116592
2130	0.07472155289
2131	0.07471427958
2132	0.07470214763
2133	0.07468752658
2134	0.07468054329
2135	0.07466127226
2136	0.07465570461
2137	0.07464193346
2138	0.07462778776
2139	0.07460859192
2140	0.07459331498
2141	0.07458267105
2142	0.0745746583
2143	0.07456289009
2144	0.07456020427
2145	0.07453785608
2146	0.07453055234
2147	0.07451667302
2148	0.07449497105
2149	0.0744900475
2150	0.07447395064
2151	0.07446688749
2152	0.07445119407
2153	0.07444822237
2154	0.07444307227
2155	0.07444099328
2156	0.07443142175
2157	0.07440914574
2158	0.0743975312
2159	0.07438102969
2160	0.07436498842
2161	0.0743521735
2162	0.07433860406
2163	0.07432747056
2164	0.07431559088
2165	0.0743041186
2166	0.07429294362
2167	0.07427422306
2168	0.07425903157
2169	0.07422913816
2170	0.07422288697
2171	0.07421783263
2172	0.07421431849
2173	0.0742010578
2174	0.07419588454
2175	0.07417711397
2176	0.07416670055
2177	0.07415289643
2178	0.07414678703
2179	0.07413861348
2180	0.0741270392
2181	0.07411284859
2182	0.07409155309
2183	0.07408068656
2184	0.07407797261
2185	0.07406941022
2186	0.07405963178
2187	0.07405238015
2188	0.07403058059
2189	0.07402186174
2190	0.07401409533
2191	0.07398536867
2192	0.0739660328
2193	0.07394546623
2194	0.07392529779
2195	0.07391825164
2196	0.07390524632
2197	0.07389470635
2198	0.07388128842
2199	0.07387636974
2200	0.07385530713
2201	0.07384609091
2202	0.07382484913
2203	0.07381408032
2204	0.0737970694
2205	0.07377713557
2206	0.07375555652
2207	0.07374378437
2208	0.07373087798
2209	0.07372059762
2210	0.07371837572
2211	0.07370796957
2212	0.07369993891
2213	0.07368295979
2214	0.07367143188
2215	0.07364929531
2216	0.07363576959
2217	0.07362144662
2218	0.07360960747
2219	0.07360755835
2220	0.07360487444
2221	0.073594897
2222	0.07358138199
2223	0.07356284309
2224	0.07354968693
2225	0.07353580791
2226	0.07353062291
2227	0.07352597309
2228	0.07352049536
2229	0.07350453649
2230	0.07349329074
2231	0.07348232305
2232	0.07347887544
2233	0.07346768109
2234	0.07345209289
2235	0.07344523038
2236	0.07342555159
2237	0.07341008086
2238	0.07338939656
2239	0.07337645868
2240	0.07335917169
2241	0.07333795331
2242	0.07333313938
2243	0.07331914513
2244	0.07331370838
2245	0.07330318937
2246	0.073301171
2247	0.07329639762
2248	0.07327813369
2249	0.07326672461
2250	0.0732616459
2251	0.07325274532
2252	0.07323190385
2253	0.07321902455
2254	0.07321214644
2255	0.07319786689
2256	0.07318304899
2257	0.07317623727
2258	0.07316149637
2259	0.073148146
2260	0.07313759859
2261	0.0731217318
2262	0.07311484405
2263	0.07309810195
2264	0.07309155897
2265	0.07307978111
2266	0.07307173703
2267	0.07305088166
2268	0.07304011669
2269	0.07302452149
2270	0.07302121244
2271	0.07300444825
2272	0.07298397016
2273	0.07298139422
2274	0.07297477804
2275	0.07297033444
2276	0.07295507371
2277	0.07295073915
2278	0.0729310794
2279	0.07291729328
2280	0.07290409069
2281	0.07288760923
2282	0.07286021202
2283	0.07284805897
2284	0.07283737046
2285	0.07281845821
2286	0.07281591662
2287	0.07280339502
2288	0.07279867519
2289	0.07279194364
2290	0.07277878057
2291	0.07276838457
2292	0.07275714142
2293	0.07275229021
2294	0.0727317071
2295	0.07271795519
2296	0.07270506621
2297	0.07269831483
2298	0.07268156837
2299	0.07267080331
2300	0.07265473469
2301	0.07264760469
2302	0.0726238611
2303	0.07261362013
2304	0.07260132062
2305	0.07259937099
2306	0.07258815349
2307	0.07258050867
2308	0.07256791161
2309	0.07254944307
2310	0.07253380624
2311	0.07252422187
2312	0.07250646323
2313	0.07249445815
2314	0.07247992132
2315	0.07247388349
2316	0.07245857549
2317	0.07245558724
2318	0.07243739089
2319	0.07243180388
2320	0.07241925352
2321	0.07240895897
2322	0.07239421126
2323	0.07238743773
2324	0.07237501983
2325	0.072365206
2326	0.0723539973
2327	0.0723391051
2328	0.07232768431
2329	0.07231689624
2330	0.0723091328
2331	0.07229823765
2332	0.07229153417
2333	0.07228716186
2334	0.07228128533
2335	0.07227459891
2336	0.07227141274
2337	0.07226389273
2338	0.07224959727
2339	0.07224643762
2340	0.0722377837
2341	0.07221971274
2342	0.07221332638
2343	0.07219314868
2344	0.07218540178
2345	0.07217083101
2346	0.07216677917
2347	0.07215375485
2348	0.07214151624
2349	0.07213706922
2350	0.0721248043
2351	0.0721104846
2352	0.07210134401
2353	0.07208832466
2354	0.07207510414
2355	0.07205717049
2356	0.07204435124
2357	0.07203104139
2358	0.07201545577
2359	0.07201294417
2360	0.07199776321
2361	0.07198854075
2362	0.07198610341
2363	0.07197944079
2364	0.07196468956
2365	0.07194960189
2366	0.07193845892
2367	0.07193376992
2368	0.07192830051
2369	0.07191589126
2370	0.07189143463
2371	0.07188361494
2372	0.07187385798
2373	0.07186326041
2374	0.07185255596
2375	0.07184139559
2376	0.07182502633
2377	0.07180639397
2378	0.07179650991
2379	0.07178113155
2380	0.07176203409
2381	0.0717539947
2382	0.07173876685
2383	0.07173268036
2384	0.0717240738
2385	0.07170503628
2386	0.07169747724
2387	0.07169314386
2388	0.07167485686
2389	0.07166761494
2390	0.07165764254
2391	0.07163578738
2392	0.07162019129
2393	0.07159902916
2394	0.07158886411
2395	0.07157846648
2396	0.07157186538
2397	0.07156113236
2398	0.07154710631
2399	0.07153784205
2400	0.07152569041
2401	0.07151151238
2402	0.07150513534
2403	0.07149401495
2404	0.07148014992
2405	0.0714667885
2406	0.07145860876
2407	0.07144255776
2408	0.07142469062
2409	0.07141034062
2410	0.07139122791
2411	0.07138180227
2412	0.07137718085
2413	0.07137068134
2414	0.07135752793
2415	0.0713414422
2416	0.0713342339
2417	0.07132687683
2418	0.07131759272
2419	0.07131254677
2420	0.07130668472
2421	0.07128407747
2422	0.0712732286
2423	0.07125458672
2424	0.07123659908
2425	0.07122627906
2426	0.07121591788
2427	0.07120749441
2428	0.07119128374
2429	0.07116568643
2430	0.07115382656
2431	0.07114337943
2432	0.07112860004
2433	0.07111836018
2434	0.07109909843
2435	0.07109025131
2436	0.07108724118
2437	0.07107956524
2438	0.0710712773
2439	0.0710649578
2440	0.07106101156
2441	0.07105464377
2442	0.07104179386
2443	0.07101817121
2444	0.07100505424
2445	0.07099873887
2446	0.07098396323
2447	0.07098118464
2448	0.07097502592
2449	0.07097098796
2450	0.07096458923
2451	0.07095499252
2452	0.07094686444
2453	0.07092877448
2454	0.07091660333
2455	0.07090268764
2456	0.07089781427
2457	0.07088773797
2458	0.07087278376
2459	0.07086050833
2460	0.0708535331
2461	0.07084318759
2462	0.07083692842
2463	0.07083281939
2464	0.07083011618
2465	0.07081659647
2466	0.0708063925
2467	0.07079400795
2468	0.07078158736
2469	0.07077564908
2470	0.0707706397
2471	0.07076823822
2472	0.07076170237
2473	0.07075424721
2474	0.07075192471
2475	0.07074808183
2476	0.07073634124
2477	0.07072338869
2478	0.0707159631
2479	0.07070378775
2480	0.07067834039
2481	0.07066854733
2482	0.07066378041
2483	0.07064997604
2484	0.07063279042
2485	0.07061408295
2486	0.07061178255
2487	0.07060563142
2488	0.07060276579
2489	0.07058081963
2490	0.07057705102
2491	0.07057420774
2492	0.07056261003
2493	0.07054296653
2494	0.0705181629
2495	0.07050348728
2496	0.07049547009
2497	0.07048274714
2498	0.07046993414
2499	0.07046203535
2500	0.07045089876
2501	0.07043752525
2502	0.07042231622
2503	0.07041260732
2504	0.07040341554
2505	0.07039877611
2506	0.07039240084
2507	0.07038632016
2508	0.07037347974
2509	0.07036425457
2510	0.07035978483
2511	0.07034618752
2512	0.07032336108
2513	0.07031731288
2514	0.07029120289
2515	0.07028225546
2516	0.07026999243
2517	0.07026092329
2518	0.07024891885
2519	0.07024001582
2520	0.07022953827
2521	0.07022343468
2522	0.07021354182
2523	0.07019181709
2524	0.07018955973
2525	0.07018573675
2526	0.07016285776
2527	0.07015639608
2528	0.07014212694
2529	0.07013797298
2530	0.07012702663
2531	0.07011367767
2532	0.07010905879
2533	0.070091342
2534	0.07008251772
2535	0.07006889031
2536	0.07005765319
2537	0.0700424901
2538	0.0700402635
2539	0.0700237963
2540	0.07000978129
2541	0.0699979115
2542	0.06997988041
2543	0.06997298495
2544	0.06996409952
2545	0.06995053034
2546	0.06993993203
2547	0.06993133097
2548	0.06992731549
2549	0.06991796751
2550	0.0699066481
2551	0.06989521288
2552	0.06988841581
2553	0.06988667075
2554	0.06988192715
2555	0.06986852971
2556	0.06985894112
2557	0.0698470865
2558	0.06984182759
2559	0.06983357497
2560	0.06982062288
2561	0.06980211234
2562	0.06978558925
2563	0.06977445242
2564	0.0697705715
2565	0.06975974314
2566	0.06975021871
2567	0.06974237126
2568	0.06972698624
2569	0.06971840828
2570	0.06970862354
2571	0.06969537307
2572	0.06967952299
2573	0.06966958525
2574	0.06965143121
2575	0.06963225457
2576	0.06962074931
2577	0.06961902768
2578	0.06961005773
2579	0.06960554362
2580	0.06958804259
2581	0.06958191426
2582	0.06958020575
2583	0.06957231922
2584	0.06956646997
2585	0.06955796895
2586	0.06955413434
2587	0.06954791432
2588	0.06953674236
2589	0.06953399448
2590	0.06951941945
2591	0.06950812347
2592	0.06949542441
2593	0.06948352363
2594	0.06946594334
2595	0.06945666424
2596	0.06944801447
2597	0.06943587737
2598	0.06942486634
2599	0.06940638178
2600	0.0694041787
2601	0.06939155027
2602	0.06938987804
2603	0.06938161729
2604	0.06936807796
2605	0.06935386328
2606	0.06934103994
2607	0.06933892077
2608	0.06933307739
2609	0.06932022724
2610	0.06930915915
2611	0.0692905505
2612	0.06927905195
2613	0.06926612427
2614	0.06925719429
2615	0.06924481324
2616	0.0692351206
2617	0.06922477258
2618	0.06921223402
2619	0.06919725533
2620	0.0691911679
2621	0.06918086324
2622	0.06916763241
2623	0.06915859348
2624	0.0691498068
2625	0.06914392231
2626	0.06913748744
2627	0.06913538962
2628	0.06913272779
2629	0.06912304772
2630	0.06911297605
2631	0.06910379361
2632	0.06909795058
2633	0.06909416894
2634	0.06908213352
2635	0.0690641682
2636	0.06905301426
2637	0.06904127533
2638	0.06903768526
2639	0.06902655795
2640	0.06901263546
2641	0.06901048062
2642	0.06900833939
2643	0.06899238555
2644	0.06898265914
2645	0.06897328796
2646	0.06896258784
2647	0.06895871209
2648	0.06895327616
2649	0.06893716803
2650	0.06892244682
2651	0.06891984231
2652	0.06891381095
2653	0.06889435874
2654	0.06888695393
2655	0.06887768668
2656	0.06886849177
2657	0.06885177278
2658	0.06884542427
2659	0.06882977828
2660	0.06882220206
2661	0.06880775161
2662	0.06879739891
2663	0.0687842065
2664	0.06877549077
2665	0.06876640767
2666	0.06875338125
2667	0.06874608855
2668	0.06872954141
2669	0.06872162394
2670	0.06871733741
2671	0.06870926724
2672	0.0687002114
2673	0.06869193221
2674	0.06868266738
2675	0.06867545117
2676	0.06866605555
2677	0.06865300389
2678	0.06864226659
2679	0.06864017334
2680	0.06863111894
2681	0.0686254797
2682	0.06861870896
2683	0.06861157655
2684	0.06859307341
2685	0.06858439766
2686	0.06857864398
2687	0.06857695108
2688	0.06855250575
2689	0.06853329532
2690	0.06852307499
2691	0.06851737435
2692	0.06851300488
2693	0.06850053914
2694	0.06848923139
2695	0.06848140244
2696	0.06847213243
2697	0.06846649406
2698	0.06846394094
2699	0.06845473803
2700	0.06845052497
2701	0.06843470432
2702	0.06842429171
2703	0.06841860779
2704	0.06841413816
2705	0.06840116816
2706	0.06838262657
2707	0.06837048072
2708	0.06836579126
2709	0.0683547651
2710	0.06834124886
2711	0.06833760339
2712	0.06833225021
2713	0.0683126224
2714	0.06829725403
2715	0.06828412082
2716	0.06827502168
2717	0.06826661486
2718	0.0682531336
2719	0.06825160817
2720	0.06824081316
2721	0.06822876462
2722	0.06822260369
2723	0.06821374041
2724	0.06820544214
2725	0.06819181981
2726	0.0681769865
2727	0.06817328373
2728	0.06815221461
2729	0.06814481261
2730	0.06813268003
2731	0.06812005548
2732	0.06811839407
2733	0.06811364027
2734	0.06811198866
2735	0.06810194177
2736	0.06808032434
2737	0.06806292789
2738	0.06805467082
2739	0.06803713618
2740	0.06802777117
2741	0.06801975462
2742	0.06801145525
2743	0.06800796557
2744	0.06798689178
2745	0.06797723984
2746	0.06796540738
2747	0.06795503862
2748	0.0679514114
2749	0.0679427227
2750	0.06793913474
2751	0.06793301788
2752	0.06792966149
2753	0.06791840313
2754	0.06791128754
2755	0.06789852599
2756	0.06787327501
2757	0.06787061701
2758	0.06785616657
2759	0.06784794869
2760	0.0678340806
2761	0.06782544631
2762	0.06781687872
2763	0.0677978277
2764	0.06778429814
2765	0.06777435489
2766	0.06776415446
2767	0.06775730771
2768	0.06774344031
2769	0.06773785208
2770	0.06773106551
2771	0.06771977104
2772	0.06770812675
2773	0.06769229784
2774	0.0676796772
2775	0.06767316711
2776	0.0676644755
2777	0.06766187815
2778	0.06765709398
2779	0.06764452367
2780	0.06762889087
2781	0.06761644519
2782	0.0676118342
2783	0.06760786599
2784	0.06758543324
2785	0.06758092759
2786	0.06757055953
2787	0.06756070774
2788	0.06755120648
2789	0.06754569246
2790	0.06753722402
2791	0.06751542108
2792	0.06750031377
2793	0.06749200788
2794	0.06748183608
2795	0.06747190614
2796	0.06746522869
2797	0.0674514385
2798	0.06744249778
2799	0.06742165848
2800	0.06740507491
2801	0.06739925384
2802	0.06737973986
2803	0.06737122483
2804	0.06736933188
2805	0.06736093848
2806	0.06734447083
2807	0.06733354357
2808	0.06731835462
2809	0.06731589021
2810	0.0673002362
2811	0.06729201175
2812	0.06728003004
2813	0.06726797708
2814	0.06726353456
2815	0.0672562402
2816	0.0672483035
2817	0.0672320123
2818	0.0672210843
2819	0.06721715116
2820	0.06720918788
2821	0.06719875161
2822	0.06718756415
2823	0.06718274064
2824	0.06716578543
2825	0.06716241789
2826	0.06715354136
2827	0.06714257914
2828	0.06713538136
2829	0.06712942469
2830	0.06710642706
2831	0.06708783924
2832	0.06708636432
2833	0.0670809316
2834	0.06707489344
2835	0.06706984392
2836	0.06705812561
2837	0.06705052384
2838	0.06703735705
2839	0.06702930824
2840	0.06701721435
2841	0.06700751352
2842	0.06700097518
2843	0.06699724994
2844	0.06699029412
2845	0.06698880802
2846	0.06698342397
2847	0.06698183032
2848	0.06697619318
2849	0.06697435593
2850	0.0669685994
2851	0.06695534643
2852	0.0669415433
2853	0.06693127073
2854	0.06692601692
2855	0.0669156831
2856	0.06691009203
2857	0.06690464918
2858	0.0668883743
2859	0.06687751829
2860	0.06686552462
2861	0.06686108251
2862	0.06685412752
2863	0.06685078547
2864	0.06684048415
2865	0.06683590946
2866	0.06682173289
2867	0.06680608004
2868	0.06680464835
2869	0.06679036682
2870	0.06678259846
2871	0.06677116013
2872	0.06676601687
2873	0.06675247559
2874	0.06673616308
2875	0.06672628557
2876	0.06671101048
2877	0.06670175
2878	0.06668034661
2879	0.06667376387
2880	0.06667038029
2881	0.06664860501
2882	0.0666321638
2883	0.06661782861
2884	0.0666124907
2885	0.06659939705
2886	0.06659046864
2887	0.06657555871
2888	0.0665716456
2889	0.06655686843
2890	0.06655006264
2891	0.06654309182
2892	0.06654174676
2893	0.06653403192
2894	0.06652565156
2895	0.06651736124
2896	0.06650957304
2897	0.06650190728
2898	0.0665003573
2899	0.06648476853
2900	0.06647059497
2901	0.06646194277
2902	0.06645513537
2903	0.06644182008
2904	0.06643659977
2905	0.0664195018
2906	0.06641408062
2907	0.06639988685
2908	0.06639155317
2909	0.06638717923
2910	0.06636600206
2911	0.06636066646
2912	0.06634699573
2913	0.06633124588
2914	0.06632558546
2915	0.06630871634
2916	0.06630238282
2917	0.0662992681
2918	0.0662896895
2919	0.06627652854
2920	0.06626182734
2921	0.06625237924
2922	0.06624388029
2923	0.0662255615
2924	0.06620830431
2925	0.06618954106
2926	0.0661873158
2927	0.0661836698
2928	0.06617512649
2929	0.06617197261
2930	0.06616497003
2931	0.06616332914
2932	0.06616170022
2933	0.06615177709
2934	0.06614691555
2935	0.06614324035
2936	0.06613341382
2937	0.06612274217
2938	0.06611011327
2939	0.06610358364
2940	0.06609393341
2941	0.06608296142
2942	0.06607553524
2943	0.06606744024
2944	0.06605438956
2945	0.06604112573
2946	0.06602423186
2947	0.06600865915
2948	0.06599620469
2949	0.06599126442
2950	0.06597977431
2951	0.06596907508
2952	0.06596398235
2953	0.06594887363
2954	0.06594580791
2955	0.06593295924
2956	0.0659196796
2957	0.06591201039
2958	0.06590373427
2959	0.06589245236
2960	0.06587856149
2961	0.0658744005
2962	0.06587301998
2963	0.06585860063
2964	0.06585120688
2965	0.06584300643
2966	0.06583189659
2967	0.06582564387
2968	0.06581422631
2969	0.06580417318
2970	0.06578951982
2971	0.06578539849
2972	0.06577760563
2973	0.06577368798
2974	0.06576283286
2975	0.06575279506
2976	0.06573858451
2977	0.06572940563
2978	0.06572671071
2979	0.06572223152
2980	0.06570542341
2981	0.06569722438
2982	0.06569418666
2983	0.06568770028
2984	0.06568206981
2985	0.06567415719
2986	0.06566450491
2987	0.06565833189
2988	0.06565114954
2989	0.06564423658
2990	0.06564007582
2991	0.06563268886
2992	0.06563075323
2993	0.06562568201
2994	0.06561207182
2995	0.06560555682
2996	0.06559941563
2997	0.06559466728
2998	0.06558673258
2999	0.06557165591
98	0.0630552778
2999	0.0630402841
