iter	Passed	Remaining
0	6	20596
1	12	19167
2	17	17163
3	23	17526
4	26	15811
5	29	14727
6	34	14655
7	41	15563
8	44	14952
9	49	14840
10	53	14403
11	56	14058
12	59	13677
13	62	13414
14	66	13284
15	70	13159
16	75	13287
17	79	13091
18	81	12838
19	85	12705
20	88	12603
21	92	12526
22	96	12484
23	101	12558
24	106	12620225	109	12474226	113	12480227	118	1259026	226	24951
27	230	24428
28	235	24142
29	2329	331	330	2430	335	331	2431	341	332	2532	345	333	2533	350	334	2634	354	30047
35	359	236	2736	364	29201
37	369	28764
38	374	28414
39	377	240	2840	381	241	2941	384	242	2942	388	243	3043	392	244	306	20146
45	309	19899
46	3146	404	247	3147	421	25951
48	425	25607
49	428	25259
50	433	25070
51	437	24830
52	443	24683
53	448	24476
54	452	24252
55	457	24050
56	462	23894
57	467	23696
58	471	23501
59	476	23368
60	481	23192
61	485	23012
62	489	22820
63	492	22610
64	496	22431
65	501	22296
66	506	22187
67	511	22057
68	516	21956
69	520	21779
70	523	21577
71	525	21377
72	531	21326
73	537	21239
74	542	21144
75	546	21037
76	552	20985
77	558	20914
78	564	20872
79	568	20747
80	572	20638
81	586	20859
82	594	20907
83	600	20855
84	605	20772
85	609	20651
86	613	20527
87	616	20406
88	622	20355
89	628	20334
90	632	20230
91	638	20184
92	643	20101
93	647	20023
94	652	19946
95	656	19867
96	660	19777
97	664	19686
98	669	19612
99	673	19527
100	678	19484
101	684	19442
102	689	19384
103	692	19292
104	696	19193
105	701	19149
106	704	19049
107	707	18947
108	711	18863
109	715	18787
110	719	18736
111	723	18658
112	727	18576
113	731	18529
114	736	18474
115	740	18414
116	744	18337
117	747	18252
118	752	18224
119	756	18153
120	760	18098
121	764	18026
122	771	18046
123	775	17982
124	779	17935
125	784	17886
126	788	17832
127	793	17815
128	798	17776
129	803	17733
130	807	17674
131	812	17650
132	817	17618
133	822	17596
134	827	17555
135	831	17516
136	836	17487
137	847	17569
138	853	17568
139	861	17589
140	866	17575
141	874	17593
142	881	17605
143	886	17589
144	893	17586
145	902	17644
146	906	17588
147	915	17636
148	921	17633
149	926	17597
150	930	17547
151	933	17497
152	937	17446
153	950	17567
154	955	17546
155	963	17557
156	967	17522
157	977	17588
158	994	17768
159	999	17737
160	1005	17729
161	1011	17716
162	1015	17674
163	1018	17616
164	1026	17630
165	1031	17610
166	1035	17566
167	1040	17534
168	1046	17524
169	1050	17483
170	1052	17418
171	1056	17364
172	1061	17353
173	1065	17309
174	1069	17263
175	1074	17238
176	1078	17196
177	1081	17146
178	1085	17102
179	1089	17065
180	1093	17038
181	1098	17003
182	1102	16969
183	1107	16956
184	1113	16950
185	1117	16905
186	1121	16867
187	1125	16835
188	1128	16785
189	1132	16751
190	1136	16718
191	1142	16705
192	1146	16677
193	1151	16661
194	1156	16633
195	1160	16599
196	1165	16577
197	1169	16549
198	1173	16523
199	1178	16492
200	1182	16468
201	1188	16460
202	1193	16437
203	1197	16418
204	1202	16394
205	1209	16405
206	1217	16427
207	1225	16453
208	1230	16434
209	1235	16410
210	1248	16499
211	1259	16564
212	1264	16545
213	1271	16546
214	1274	16506
215	1278	16483
216	1282	16448
217	1287	16435
218	1293	16428
219	1298	16408
220	1301	16364
221	1308	16369
222	1311	16332
223	1316	16313
224	1320	16288
225	1325	16264
226	1328	16222
227	1332	16197
228	1337	16180
229	1342	16162
230	1345	16126
231	1351	16126
232	1356	16111
233	1362	16101
234	1366	16083
235	1371	16064
236	1376	16050
237	1380	16022
238	1384	15998
239	1388	15973
240	1392	15946
241	1398	15935
242	1403	15928
243	1407	15893
244	1410	15863
245	1413	15827
246	1421	15843
247	1424	15812
248	1429	15793
249	1434	15774
250	1438	15753
251	1441	15722
252	1446	15701
253	1451	15689
254	1455	15668
255	1458	15631
256	1461	15600
257	1464	15569
258	1469	15552
259	1473	15527
260	1477	15509
261	1481	15479
262	1485	15458
263	1490	15443
264	1494	15424
265	1498	15405
266	1504	15398
267	1508	15379
268	1512	15354
269	1517	15341
270	1522	15329
271	1526	15305
272	1530	15289
273	1536	15281
274	1541	15270
275	1547	15271
276	1552	15259
277	1557	15247
278	1562	15237
279	1566	15214
280	1570	15196
281	1576	15196
282	1580	15172
283	1585	15161
284	1589	15139
285	1593	15125
286	1598	15115
287	1602	15092
288	1607	15077
289	1610	15050
290	1615	15040
291	1620	15027
292	1623	15001
293	1627	14977
294	1630	14949
295	1635	14942
296	1640	14934
297	1644	14914
298	1650	14905
299	1656	14904
300	1659	14880
301	1664	14872
302	1669	14862
303	1674	14848
304	1678	14832
305	1683	14821
306	1687	14803
307	1691	14784
308	1697	14780
309	1701	14765
310	1705	14743
311	1711	14741
312	1716	14737
313	1721	14727
314	1727	14721
315	1731	14704
316	1736	14695
317	1740	14679
318	1744	14663
319	1748	14644
320	1752	14628
321	1756	14611
322	1762	14606
323	1767	14596
324	1771	14582
325	1775	14560
326	1780	14557
327	1785	14543
328	1789	14525
329	1793	14514
330	1797	14497
331	1801	14480
332	1807	14475
333	1812	14470
334	1817	14461
335	1821	14444
336	1828	14447
337	1832	14434
338	1836	14414
339	1841	14407
340	1847	14406
341	1852	14397
342	1855	14373
343	1858	14352
344	1862	14329
345	1865	14311
346	1870	14298
347	1873	14280
348	1879	14280
349	1884	14267
350	1888	14250
351	1894	14250
352	1898	14234
353	1902	14223
354	1908	14217
355	1913	14208
356	1917	14196
357	1922	14184
358	1927	14177
359	1931	14162
360	1935	14150
361	1940	14142
362	1945	14136
363	1950	14123
364	1953	14105
365	1958	14092
366	1962	14077
367	1966	14061
368	1970	14047
369	1975	14042
370	1980	14036
371	1984	14022
372	1988	14001
373	1992	13990
374	1995	13970
375	2001	13968
376	2006	13963
377	2010	13946
378	2013	13927
379	2018	13918
380	2023	13912
381	2028	13902
382	2033	13894
383	2038	13885
384	2042	13872
385	2048	13872
386	2051	13853
387	2057	13849
388	2062	13844
389	2066	13828
390	2069	13811
391	2073	13795
392	2077	13783
393	2081	13767
394	2085	13752
395	2089	13738
396	2092	13720
397	2096	13708
398	2100	13692
399	2120	13781
400	2123	13766
401	2128	13756
402	2133	13747
403	2137	13738
404	2142	13724
405	2146	13712
406	2150	13702
407	2155	13691
408	2159	13683
409	2164	13675
410	2170	13673
411	2174	13657
412	2177	13642
413	2183	13636
414	2188	13629
415	2192	13615
416	2196	13607
417	2200	13591
418	2205	13584
419	2209	13570
420	2214	13568
421	2218	13554
422	2223	13545
423	2226	13528
424	2229	13508
425	2234	13498
426	2237	13481
427	2244	13486
428	2248	13475
429	2257	13491
430	2264	13499
431	2269	13490
432	2273	13475
433	2280	13484
434	2290	13503
435	2300	13527
436	2305	13523
437	2308	13505
438	2313	13494
439	2315	13474
440	2319	13462
441	2323	13446
442	2327	13436
443	2331	13421
444	2337	13420
445	2341	13409
446	2345	13396
447	2352	13399
448	2359	13405
449	2363	13393
450	2367	13380
451	2371	13369
452	2376	13362
453	2379	13346
454	2383	13330
455	2386	13313
456	2391	13304
457	2393	13284
458	2399	13281
459	2403	13270
460	2408	13262
461	2412	13255
462	2416	13240
463	2420	13228
464	2426	13225
465	2430	13218
466	2436	13216
467	2440	13201
468	2445	13197
469	2449	13182
470	2453	13173
471	2457	13159
472	2461	13151
473	2465	13138
474	2471	13136
475	2474	13120
476	2478	13107
477	2481	13094
478	2485	13082
479	2489	13070
480	2492	13055
481	2497	13045
482	2502	13038
483	2504	13020
484	2507	13004
485	2511	12992
486	2516	12986
487	2521	12978
488	2526	12974
489	2530	12963
490	2534	12952
491	2539	12943
492	2543	12935
493	2549	12931
494	2553	12922
495	2558	12915
496	2564	12913
497	2572	12922
498	2576	12912
499	2580	12902
500	2585	12895
501	2590	12889
502	2596	12890
503	2601	12883
504	2605	12874
505	2610	12866
506	2617	12868
507	2620	12856
508	2626	12853
509	2630	12844
510	2634	12831
511	2638	12819
512	2642	12809
513	2649	12812
514	2654	12806
515	2658	12800
516	2666	12808
517	2671	12802
518	2677	12799
519	2681	12789
520	2687	12786
521	2692	12780
522	2697	12774
523	2701	12764
524	2705	12756
525	2709	12745
526	2713	12733
527	2717	12721
528	2720	12708
529	2724	12695
530	2727	12683
531	2731	12673
532	2736	12666
533	2741	12658
534	2745	12651
535	2749	12637
536	2752	12626
537	2757	12620
538	2763	12618
539	2769	12615
540	2773	12608
541	2777	12598
542	2783	12596
543	2789	12593
544	2793	12582
545	2796	12570
546	2800	12560
547	2808	12566
548	2813	12560
549	2817	12550
550	2821	12540
551	2826	12535
552	2830	12525
553	2834	12516
554	2840	12511
555	2845	12509
556	2850	12503
557	2855	12495
558	2860	12491
559	2864	12479
560	2867	12467
561	2873	12464
562	2878	12460
563	2882	12450
564	2887	12442
565	2891	12436
566	2896	12427
567	2902	12425
568	2908	12426
569	2912	12416
570	2916	12408
571	2922	12406
572	2926	12395
573	2930	12387
574	2937	12387
575	2943	12385
576	2946	12374
577	2952	12372
578	2957	12365
579	2962	12359
580	2965	12347
581	2970	12339
582	2974	12333
583	2979	12326
584	2983	12316
585	2988	12311
586	2993	12306
587	2998	12297
588	3002	12292
589	3009	12291
590	3012	12281
591	3018	12277
592	3023	12272
593	3029	12271
594	3033	12261
595	3038	12257
596	3043	12250
597	3047	12242
598	3052	12233
599	3055	12223
600	3060	12215
601	3063	12204
602	3068	12199
603	3074	12197
604	3077	12183
605	3081	12172
606	3084	12160
607	3089	12156
608	3095	12155
609	3100	12146
610	3106	12147
611	3111	12139
612	3115	12131
613	3121	12129
614	3125	12119
615	3129	12110
616	3132	12100
617	3138	12095
618	3142	12088
619	3145	12076
620	3149	12066
621	3152	12052
622	3155	12039
623	3158	12027
624	3161	12014
625	3165	12006
626	3170	11998
627	3175	11992
628	3179	11983
629	3182	11972
630	3186	11964
631	3192	11960
632	3195	11950
633	3199	11941
634	3204	11934
635	3210	11932
636	3214	11925
637	3219	11918
638	3222	11908
639	3226	11897
640	3230	11889
641	3237	11889
642	3243	11888
643	3247	11879
644	3251	11871
645	3256	11866
646	3259	11854
647	3263	11843
648	3266	11833
649	3270	11825
650	3275	11818
651	3280	11814
652	3288	11821
653	3297	11829
654	3316	11874
655	3331	11905
656	3337	11903
657	3345	11909
658	3353	11914
659	3357	11904
660	3362	11897
661	3367	11894
662	3370	11882
663	3376	11877
664	3382	11876
665	3387	11873
666	3394	11873
667	3398	11863
668	3402	11854
669	3406	11844
670	3411	11839
671	3416	11835
672	3421	11831
673	3426	11823
674	3431	11819
675	3436	11814
676	3442	11811
677	3446	11801
678	3450	11795
679	3454	11787
680	3458	11775
681	3461	11764
682	3465	11754
683	3469	11746
684	3473	11737
685	3476	11727
686	3481	11720
687	3484	11708
688	3487	11699
689	3491	11688
690	3495	11679
691	3499	11671
692	3503	11663
693	3508	11657
694	3513	11652
695	3517	11645
696	3522	11638
697	3526	11629
698	3530	11621
699	3533	11611
700	3537	11600
701	3544	11601
702	3548	11593
703	3552	11584
704	3556	11576
705	3560	11570
706	3567	11569
707	3570	11559
708	3573	11548
709	3576	11536
710	3580	11525
711	3584	11517
712	3587	11506
713	3595	11512
714	3599	11504
715	3604	11496
716	3607	11486
717	3612	11482
718	3616	11473
719	3619	11461
720	3622	11450
721	3627	11444
722	3631	11436
723	3635	11427
724	3639	11420
725	3642	11410
726	3646	11402
727	3650	11393
728	3653	11382
729	3656	11370
730	3659	11357
731	3662	11347
732	3664	11334
733	3670	11331
734	3674	11323
735	3678	11314
736	3684	11313
737	3688	11306
738	3693	11301
739	3697	11292
740	3700	11281
741	3704	11272
742	3709	11267
743	3713	11260
744	3717	11251
745	3720	11241
746	3722	11228
747	3727	11221
748	3732	11215
749	3735	11207
750	3740	11200
751	3745	11197
752	3749	11187
753	3753	11181
754	3756	11169
755	3759	11159
756	3762	11148
757	3766	11139
758	3769	11129
759	3772	11119
760	3776	11109
761	3778	11097
762	3780	11084
763	3782	11071
764	3785	11059
765	3787	11047
766	3790	11035
767	3793	11024
768	3796	11013
769	3798	11001
770	3801	10989
771	3803	10977
772	3806	10966
773	3809	10954
774	3812	10944
775	3814	10933
776	3817	10921
777	3819	10908
778	3821	10896
779	3824	10886
780	3827	10875
781	3830	10863
782	3832	10851
783	3834	10838
784	3836	10826
785	3840	10817
786	3842	10805
787	3845	10794
788	3847	10782
789	3849	10770
790	3852	10757
791	3855	10747
792	3858	10738
793	3860	10726
794	3863	10715
795	3866	10704
796	3868	10692
797	3870	10681
798	3873	10671
799	3876	10660
800	3879	10649
801	3881	10637
802	3883	10626
803	3886	10615
804	3889	10606
805	3892	10595
806	3895	10584
807	3897	10574
808	3900	10563
809	3903	10552
810	3905	10542
811	3908	10531
812	3911	10521
813	3913	10510
814	3916	10500
815	3918	10488
816	3921	10477
817	3923	10465
818	3926	10454
819	3928	10443
820	3930	10431
821	3933	10421
822	3935	10411
823	3938	10400
824	3941	10390
825	3943	10379
826	3946	10369
827	3949	10359
828	3951	10349
829	3954	10338
830	3956	10328
831	3959	10318
832	3962	10307
833	3964	10296
834	3967	10286
835	3969	10275
836	3972	10266
837	3974	10255
838	3977	10245
839	3980	10235
840	3983	10225
841	3985	10215
842	3988	10205
843	3990	10193
844	3993	10183
845	3995	10172
846	3998	10163
847	4000	10152
848	4003	10141
849	4006	10133
850	4008	10122
851	4010	10111
852	4013	10101
853	4015	10090
854	4018	10080
855	4021	10071
856	4024	10062
857	4026	10053
858	4029	10043
859	4032	10033
860	4034	10023
861	4037	10013
862	4039	10003
863	4042	9993
864	4044	9983
865	4047	9972
866	4049	9962
867	4051	9952
868	4054	9942
869	4056	9932
870	4059	9922
871	4061	9912
872	4064	9902
873	4067	9893
874	4069	9884
875	4072	9874
876	4074	9864
877	4077	9853
878	4079	9843
879	4082	9833
880	4084	9823
881	4087	9814
882	4089	9805
883	4092	9796
884	4095	9786
885	4098	9778
886	4100	9768
887	4104	9761
888	4106	9751
889	4109	9741
890	4111	9731
891	4113	9721
892	4116	9711
893	4118	9702
894	4121	9693
895	4124	9684
896	4126	9674
897	4129	9665
898	4131	9655
899	4134	9647
900	4137	9638
901	4140	9629
902	4142	9620
903	4145	9611
904	4147	9601
905	4149	9590
906	4152	9582
907	4155	9573
908	4157	9563
909	4159	9553
910	4162	9544
911	4164	9534
912	4167	9525
913	4169	9516
914	4172	9507
915	4174	9497
916	4176	9487
917	4179	9479
918	4182	9470
919	4201	9498
920	4204	9489
921	4206	9480
922	4209	9472
923	4212	9463
924	4214	9453
925	4217	9445
926	4219	9435
927	4222	9426
928	4224	9417
929	4227	9408
930	4229	9399
931	4232	9390
932	4234	9381
933	4237	9372
934	4239	9363
935	4242	9354
936	4244	9345
937	4247	9337
938	4249	9328
939	4252	9319
940	4254	9309
941	4257	9301
942	4259	9292
943	4262	9283
944	4264	9274
945	4267	9265
946	4269	9256
947	4272	9247
948	4274	9237
949	4276	9228
950	4279	9219
951	4281	9210
952	4284	9201
953	4286	9193
954	4289	9184
955	4291	9175
956	4294	9168
957	4296	9159
958	4299	9150
959	4302	9142
960	4305	9134
961	4307	9125
962	4310	9116
963	4312	9108
964	4314	9099
965	4317	9091
966	4320	9082
967	4322	9074
968	4325	9066
969	4328	9057
970	4330	9049
971	4333	9041
972	4336	9034
973	4340	9028
974	4343	9021
975	4346	9014
976	4350	9008
977	4353	9001
978	4357	8994
979	4360	8987
980	4365	8985
981	4369	8979
982	4373	8974
983	4377	8967
984	4380	8961
985	4383	8954
986	4386	8945
987	4388	8937
988	4390	8928
989	4393	8919
990	4395	8910
991	4397	8902
992	4400	8894
993	4402	8885
994	4405	8877
995	4407	8868
996	4410	8860
997	4412	8851
998	4415	8843
999	4417	8835
1000	4420	8826
1001	4422	8819
1002	4425	8811
1003	4428	8803
1004	4431	8796
1005	4434	8789
1006	4437	8781
1007	4439	8773
1008	4442	8765
1009	4444	8757
1010	4447	8749
1011	4449	8741
1012	4452	8733
1013	4454	8725
1014	4457	8717
1015	4460	8709
1016	4462	8701
1017	4465	8693
1018	4467	8685
1019	4470	8677
1020	4473	8670
1021	4475	8662
1022	4478	8654
1023	4480	8646
1024	4483	8639
1025	4486	8631
1026	4489	8624
1027	4492	8617
1028	4494	8609
1029	4497	8601
1030	4499	8593
1031	4502	8586
1032	4505	8578
1033	4507	8570
1034	4510	8563
1035	4513	8555
1036	4515	8548
1037	4518	8540
1038	4521	8533
1039	4523	8525
1040	4526	8517
1041	4528	8509
1042	4531	8502
1043	4533	8493
1044	4535	8485
1045	4538	8477
1046	4542	8472
1047	4545	8465
1048	4548	8459
1049	4551	8452
1050	4554	8445
1051	4556	8437
1052	4561	8433
1053	4564	8426
1054	4566	8419
1055	4568	8410
1056	4570	8402
1057	4573	8394
1058	4575	8385
1059	4578	8378
1060	4580	8370
1061	4583	8363
1062	4586	8356
1063	4588	8348
1064	4590	8340
1065	4593	8333
1066	4596	8326
1067	4598	8318
1068	4600	8310
1069	4603	8303
1070	4606	8296
1071	4608	8289
1072	4611	8281
1073	4613	8274
1074	4616	8267
1075	4619	8259
1076	4621	8252
1077	4624	8244
1078	4627	8238
1079	4629	8230
1080	4632	8223
1081	4635	8216
1082	4637	8209
1083	4640	8201
1084	4642	8193
1085	4645	8187
1086	4648	8180
1087	4650	8172
1088	4652	8165
1089	4655	8158
1090	4658	8150
1091	4660	8143
1092	4663	8136
1093	4665	8128
1094	4668	8122
1095	4671	8115
1096	4673	8107
1097	4676	8101
1098	4679	8094
1099	4682	8087
1100	4684	8080
1101	4687	8073
1102	4689	8065
1103	4692	8058
1104	4694	8051
1105	4697	8044
1106	4699	8037
1107	4702	8029
1108	4704	8022
1109	4707	8015
1110	4710	8008
1111	4712	8001
1112	4715	7994
1113	4717	7987
1114	4720	7980
1115	4723	7973
1116	4726	7967
1117	4728	7960
1118	4731	7953
1119	4733	7945
1120	4736	7938
1121	4738	7931
1122	4741	7924
1123	4744	7918
1124	4747	7911
1125	4750	7905
1126	4752	7899
1127	4755	7891
1128	4757	7884
1129	4760	7877
1130	4762	7870
1131	4764	7862
1132	4767	7856
1133	4770	7849
1134	4772	7842
1135	4775	7836
1136	4778	7829
1137	4781	7823
1138	4783	7816
1139	4786	7809
1140	4788	7802
1141	4791	7795
1142	4793	7788
1143	4796	7781
1144	4799	7774
1145	4801	7768
1146	4804	7761
1147	4807	7755
1148	4810	7749
1149	4812	7742
1150	4815	7736
1151	4818	7730
1152	4821	7723
1153	4824	7717
1154	4827	7711
1155	4829	7703
1156	4831	7696
1157	4834	7690
1158	4836	7683
1159	4839	7676
1160	4841	7669
1161	4843	7662
1162	4846	7655
1163	4848	7647
1164	4851	7641
1165	4854	7635
1166	4857	7629
1167	4860	7623
1168	4863	7617
1169	4865	7610
1170	4868	7604
1171	4870	7597
1172	4873	7590
1173	4875	7583
1174	4878	7577
1175	4881	7571
1176	4883	7563
1177	4885	7556
1178	4888	7550
1179	4890	7543
1180	4893	7537
1181	4895	7530
1182	4898	7523
1183	4900	7517
1184	4903	7510
1185	4906	7503
1186	4909	7498
1187	4911	7491
1188	4913	7484
1189	4915	7477
1190	4918	7470
1191	4921	7464
1192	4923	7458
1193	4926	7451
1194	4928	7444
1195	4931	7438
1196	4934	7432
1197	4936	7425
1198	4939	7419
1199	4942	7413
1200	4944	7407
1201	4947	7400
1202	4950	7394
1203	4952	7387
1204	4955	7381
1205	4958	7375
1206	4960	7369
1207	4963	7362
1208	4965	7356
1209	4968	7350
1210	4971	7344
1211	4974	7338
1212	4977	7332
1213	4979	7325
1214	4982	7319
1215	4984	7313
1216	4987	7307
1217	4990	7300
1218	4993	7295
1219	4995	7289
1220	4998	7283
1221	5001	7276
1222	5003	7270
1223	5006	7264
1224	5009	7258
1225	5012	7252
1226	5015	7246
1227	5017	7240
1228	5020	7234
1229	5022	7227
1230	5024	7221
1231	5027	7215
1232	5030	7208
1233	5033	7202
1234	5035	7196
1235	5038	7190
1236	5040	7183
1237	5043	7177
1238	5046	7171
1239	5048	7165
1240	5051	7159
1241	5053	7153
1242	5056	7148
1243	5059	7141
1244	5062	7136
1245	5064	7129
1246	5067	7124
1247	5070	7117
1248	5072	7111
1249	5075	7105
1250	5077	7099
1251	5080	7092
1252	5082	7086
1253	5085	7080
1254	5088	7074
1255	5090	7068
1256	5093	7062
1257	5095	7055
1258	5097	7048
1259	5099	7041
1260	5101	7035
1261	5103	7029
1262	5106	7023
1263	5109	7017
1264	5111	7010
1265	5114	7004
1266	5116	6998
1267	5119	6992
1268	5121	6986
1269	5124	6980
1270	5127	6975
1271	5129	6968
1272	5132	6962
1273	5135	6957
1274	5137	6951
1275	5140	6945
1276	5143	6939
1277	5145	6933
1278	5147	6926
1279	5149	6920
1280	5153	6915
1281	5156	6909
1282	5158	6903
1283	5161	6898
1284	5164	6892
1285	5166	6886
1286	5169	6881
1287	5172	6874
1288	5175	6869
1289	5178	6864
1290	5180	6857
1291	5182	6851
1292	5185	6845
1293	5187	6839
1294	5190	6833
1295	5193	6828
1296	5195	6822
1297	5198	6816
1298	5201	6810
1299	5203	6804
1300	5206	6799
1301	5209	6793
1302	5211	6787
1303	5214	6781
1304	5216	6775
1305	5219	6770
1306	5221	6763
1307	5224	6758
1308	5226	6752
1309	5229	6746
1310	5231	6740
1311	5234	6734
1312	5237	6728
1313	5239	6722
1314	5242	6716
1315	5244	6711
1316	5247	6705
1317	5250	6700
1318	5253	6694
1319	5255	6689
1320	5258	6683
1321	5261	6678
1322	5263	6672
1323	5266	6666
1324	5269	6661
1325	5272	6655
1326	5275	6650
1327	5277	6644
1328	5280	6639
1329	5283	6633
1330	5285	6627
1331	5288	6622
1332	5290	6616
1333	5293	6610
1334	5295	6605
1335	5298	6599
1336	5301	6593
1337	5303	6588
1338	5306	6582
1339	5308	6576
1340	5311	6570
1341	5313	6565
1342	5316	6559
1343	5318	6553
1344	5321	6547
1345	5323	6541
1346	5326	6536
1347	5328	6530
1348	5331	6525
1349	5334	6520
1350	5337	6514
1351	5340	6509
1352	5343	6504
1353	5346	6499
1354	5350	6495
1355	5352	6489
1356	5355	6484
1357	5358	6478
1358	5360	6472
1359	5363	6467
1360	5366	6462
1361	5369	6457
1362	5372	6451
1363	5374	6446
1364	5377	6441
1365	5381	6437
1366	5384	6431
1367	5386	6426
1368	5389	6420
1369	5392	6415
1370	5395	6410
1371	5398	6405
1372	5401	6400
1373	5404	6395
1374	5407	6390
1375	5411	6386
1376	5414	6382
1377	5417	6377
1378	5421	6372
1379	5423	6367
1380	5426	6361
1381	5429	6356
1382	5431	6350
1383	5434	6345
1384	5436	6339
1385	5439	6333
1386	5441	6328
1387	5444	6322
1388	5447	6317
1389	5449	6312
1390	5451	6306
1391	5453	6300
1392	5456	6294
1393	5457	6288
1394	5460	6282
1395	5462	6276
1396	5464	6270
1397	5466	6264
1398	5468	6258
1399	5470	6252
1400	5473	6247
1401	5475	6241
1402	5478	6235
1403	5480	6229
1404	5482	6224
1405	5484	6218
1406	5487	6212
1407	5489	6207
1408	5491	6201
1409	5494	6195
1410	5496	6189
1411	5498	6183
1412	5500	6177
1413	5502	6171
1414	5504	6165
1415	5506	6159
1416	5508	6153
1417	5511	6148
1418	5513	6142
1419	5515	6137
1420	5517	6131
1421	5520	6125
1422	5522	6120
1423	5525	6115
1424	5527	6109
1425	5530	6104
1426	5532	6098
1427	5535	6094
1428	5538	6089
1429	5544	6086
1430	5546	6081
1431	5548	6075
1432	5552	6071
1433	5554	6065
1434	5556	6060
1435	5559	6054
1436	5562	6050
1437	5565	6045
1438	5567	6040
1439	5570	6034
1440	5572	6029
1441	5575	6023
1442	5577	6018
1443	5579	6012
1444	5582	6007
1445	5585	6002
1446	5589	5999
1447	5593	5995
1448	5596	5989
1449	5598	5984
1450	5601	5979
1451	5603	5974
1452	5606	5969
1453	5610	5965
1454	5613	5960
1455	5617	5956
1456	5620	5951
1457	5623	5947
1458	5626	5942
1459	5629	5937
1460	5632	5932
1461	5634	5927
1462	5637	5922
1463	5640	5917
1464	5643	5913
1465	5646	5908
1466	5649	5903
1467	5652	5898
1468	5654	5893
1469	5657	5888
1470	5660	5883
1471	5662	5878
1472	5665	5873
1473	5668	5868
1474	5670	5863
1475	5674	5858
1476	5677	5853
1477	5679	5848
1478	5681	5843
1479	5684	5838
1480	5687	5833
1481	5690	5828
1482	5693	5823
1483	5696	5818
1484	5698	5813
1485	5701	5808
1486	5704	5803
1487	5707	5799
1488	5710	5794
1489	5712	5789
1490	5715	5784
1491	5718	5779
1492	5720	5774
1493	5724	5770
1494	5727	5765
1495	5729	5760
1496	5733	5756
1497	5736	5751
1498	5738	5746
1499	5741	5741
1500	5744	5737
1501	5747	5732
1502	5750	5727
1503	5752	5722
1504	5755	5717
1505	5758	5712
1506	5761	5708
1507	5764	5703
1508	5766	5697
1509	5769	5693
1510	5772	5688
1511	5775	5683
1512	5778	5679
1513	5781	5674
1514	5783	5668
1515	5785	5663
1516	5788	5659
1517	5791	5654
1518	5794	5649
1519	5797	5644
1520	5800	5640
1521	5802	5634
1522	5805	5630
1523	5809	5626
1524	5812	5621
1525	5815	5617
1526	5817	5612
1527	5820	5607
1528	5824	5603
1529	5826	5598
1530	5829	5593
1531	5832	5588
1532	5835	5583
1533	5838	5579
1534	5841	5575
1535	5845	5571
1536	5848	5567
1537	5851	5562
1538	5854	5557
1539	5858	5553
1540	5860	5548
1541	5863	5544
1542	5866	5539
1543	5868	5534
1544	5872	5530
1545	5875	5525
1546	5878	5520
1547	5880	5515
1548	5882	5510
1549	5885	5505
1550	5888	5500
1551	5891	5496
1552	5893	5491
1553	5895	5486
1554	5898	5481
1555	5901	5476
1556	5904	5471
1557	5906	5467
1558	5909	5462
1559	5912	5457
1560	5914	5452
1561	5917	5447
1562	5920	5442
1563	5923	5438
1564	5925	5433
1565	5928	5428
1566	5931	5423
1567	5933	5419
1568	5936	5414
1569	5939	5410
1570	5942	5405
1571	5944	5400
1572	5947	5395
1573	5950	5390
1574	5953	5386
1575	5955	5381
1576	5958	5376
1577	5960	5371
1578	5963	5366
1579	5966	5362
1580	5969	5357
1581	5971	5352
1582	5974	5348
1583	5977	5343
1584	5979	5338
1585	5982	5333
1586	5985	5329
1587	5988	5324
1588	5991	5320
1589	5994	5315
1590	5996	5310
1591	5998	5305
1592	6001	5300
1593	6004	5296
1594	6007	5291
1595	6010	5287
1596	6013	5282
1597	6015	5277
1598	6018	5273
1599	6020	5268
1600	6022	5262
1601	6025	5258
1602	6028	5253
1603	6031	5249
1604	6034	5244
1605	6037	5240
1606	6040	5235
1607	6043	5231
1608	6045	5226
1609	6048	5221
1610	6051	5217
1611	6053	5212
1612	6055	5207
1613	6058	5202
1614	6061	5197
1615	6063	5193
1616	6066	5188
1617	6069	5183
1618	6071	5179
1619	6074	5174
1620	6076	5169
1621	6079	5165
1622	6082	5160
1623	6085	5155
1624	6088	5151
1625	6090	5146
1626	6092	5141
1627	6095	5136
1628	6098	5132
1629	6101	5127
1630	6103	5123
1631	6106	5118
1632	6108	5113
1633	6111	5109
1634	6114	5104
1635	6116	5099
1636	6119	5094
1637	6121	5090
1638	6123	5085
1639	6126	5080
1640	6129	5075
1641	6132	5071
1642	6134	5066
1643	6137	5061
1644	6139	5056
1645	6141	5052
1646	6144	5047
1647	6146	5042
1648	6149	5038
1649	6151	5033
1650	6154	5028
1651	6156	5023
1652	6158	5018
1653	6161	5014
1654	6163	5009
1655	6166	5004
1656	6168	4999
1657	6171	4995
1658	6173	4990
1659	6176	4985
1660	6178	4980
1661	6180	4975
1662	6183	4971
1663	6185	4966
1664	6188	4961
1665	6190	4956
1666	6192	4951
1667	6195	4947
1668	6197	4942
1669	6200	4937
1670	6202	4932
1671	6204	4928
1672	6206	4923
1673	6209	4918
1674	6211	4913
1675	6214	4909
1676	6217	4904
1677	6219	4900
1678	6221	4895
1679	6224	4890
1680	6226	4885
1681	6229	4881
1682	6231	4876
1683	6234	4871
1684	6236	4866
1685	6239	4862
1686	6241	4858
1687	6244	4853
1688	6247	4849
1689	6249	4844
1690	6251	4839
1691	6254	4834
1692	6256	4830
1693	6258	4825
1694	6261	4820
1695	6263	4815
1696	6266	4811
1697	6268	4806
1698	6270	4801
1699	6273	4797
1700	6275	4792
1701	6277	4787
1702	6280	4783
1703	6282	4778
1704	6285	4774
1705	6288	4769
1706	6290	4764
1707	6292	4760
1708	6295	4755
1709	6297	4751
1710	6300	4746
1711	6302	4741
1712	6305	4737
1713	6308	4732
1714	6310	4728
1715	6313	4723
1716	6315	4719
1717	6317	4714
1718	6320	4709
1719	6322	4705
1720	6325	4700
1721	6328	4696
1722	6330	4691
1723	6332	4687
1724	6335	4682
1725	6337	4678
1726	6340	4673
1727	6342	4668
1728	6345	4664
1729	6348	4660
1730	6350	4655
1731	6352	4650
1732	6355	4646
1733	6357	4641
1734	6360	4637
1735	6363	4633
1736	6366	4629
1737	6369	4625
1738	6373	4621
1739	6375	4616
1740	6378	4612
1741	6382	4608
1742	6385	4604
1743	6389	4601
1744	6392	4597
1745	6395	4593
1746	6397	4588
1747	6400	4584
1748	6402	4579
1749	6406	4575
1750	6409	4572
1751	6413	4568
1752	6416	4564
1753	6420	4560
1754	6423	4556
1755	6428	4554
1756	6433	4551
1757	6437	4547
1758	6443	4545
1759	6446	4542
1760	6450	4538
1761	6453	4534
1762	6456	4530
1763	6460	4526
1764	6463	4522
1765	6465	4517
1766	6467	4512
1767	6469	4508
1768	6471	4503
1769	6474	4499
1770	6476	4494
1771	6479	4490
1772	6480	4485
1773	6483	4480
1774	6485	4475
1775	6487	4471
1776	6489	4466
1777	6492	4461
1778	6494	4457
1779	6496	4452
1780	6498	4448
1781	6501	4443
1782	6503	4439
1783	6506	4434
1784	6508	4430
1785	6510	4425
1786	6512	4420
1787	6514	4415
1788	6516	4411
1789	6518	4406
1790	6521	4402
1791	6523	4397
1792	6526	4393
1793	6529	4389
1794	6531	4384
1795	6534	4380
1796	6536	4376
1797	6539	4371
1798	6541	4367
1799	6544	4363
1800	6547	4358
1801	6550	4354
1802	6552	4350
1803	6555	4346
1804	6558	4341
1805	6560	4337
1806	6562	4332
1807	6566	4328
1808	6569	4325
1809	6572	4320
1810	6574	4316
1811	6577	4312
1812	6580	4308
1813	6582	4303
1814	6585	4299
1815	6587	4295
1816	6590	4291
1817	6593	4286
1818	6596	4282
1819	6598	4278
1820	6601	4273
1821	6604	4269
1822	6606	4265
1823	6609	4261
1824	6611	4256
1825	6614	4252
1826	6617	4248
1827	6619	4244
1828	6622	4240
1829	6625	4235
1830	6627	4231
1831	6630	4227
1832	6632	4222
1833	6635	4218
1834	6638	4214
1835	6640	4210
1836	6642	4205
1837	6645	4201
1838	6647	4196
1839	6650	4192
1840	6652	4188
1841	6655	4184
1842	6658	4179
1843	6660	4175
1844	6663	4171
1845	6665	4167
1846	6668	4162
1847	6670	4158
1848	6673	4154
1849	6675	4149
1850	6678	4145
1851	6681	4141
1852	6683	4137
1853	6686	4132
1854	6689	4128
1855	6691	4124
1856	6694	4120
1857	6696	4116
1858	6699	4111
1859	6702	4107
1860	6704	4103
1861	6707	4099
1862	6710	4095
1863	6712	4090
1864	6715	4086
1865	6717	4082
1866	6720	4078
1867	6722	4073
1868	6725	4069
1869	6727	4065
1870	6729	4060
1871	6732	4056
1872	6734	4052
1873	6737	4048
1874	6739	4043
1875	6742	4039
1876	6744	4035
1877	6747	4031
1878	6750	4027
1879	6752	4022
1880	6754	4018
1881	6756	4013
1882	6758	4009
1883	6761	4004
1884	6763	4000
1885	6766	3996
1886	6768	3992
1887	6771	3988
1888	6774	3984
1889	6776	3980
1890	6778	3975
1891	6780	3971
1892	6783	3966
1893	6784	3962
1894	6786	3957
1895	6788	3952
1896	6790	3948
1897	6793	3944
1898	6795	3940
1899	6798	3935
1900	6800	3931
1901	6803	3927
1902	6806	3923
1903	6808	3919
1904	6812	3915
1905	6815	3911
1906	6818	3907
1907	6820	3903
1908	6824	3900
1909	6826	3895
1910	6829	3891
1911	6831	3887
1912	6834	3883
1913	6837	3879
1914	6839	3875
1915	6842	3871
1916	6844	3866
1917	6847	3862
1918	6850	3858
1919	6852	3854
1920	6855	3850
1921	6858	3846
1922	6860	3842
1923	6863	3838
1924	6865	3834
1925	6868	3830
1926	6871	3826
1927	6873	3821
1928	6876	3817
1929	6878	3813
1930	6880	3809
1931	6883	3804
1932	6885	3800
1933	6888	3796
1934	6890	3792
1935	6892	3788
1936	6894	3783
1937	6897	3779
1938	6899	3775
1939	6902	3771
1940	6904	3766
1941	6906	3762
1942	6908	3758
1943	6910	3754
1944	6912	3749
1945	6914	3745
1946	6917	3741
1947	6919	3737
1948	6922	3732
1949	6924	3728
1950	6926	3724
1951	6928	3719
1952	6931	3715
1953	6933	3711
1954	6935	3707
1955	6937	3703
1956	6940	3698
1957	6942	3694
1958	6944	3690
1959	6946	3686
1960	6949	3681
1961	6951	3677
1962	6953	3673
1963	6955	3668
1964	6957	3664
1965	6959	3660
1966	6961	3655
1967	6963	3651
1968	6966	3647
1969	6968	3643
1970	6970	3639
1971	6973	3635
1972	6975	3630
1973	6977	3626
1974	6979	3622
1975	6982	3618
1976	6984	3614
1977	6987	3610
1978	6989	3605
1979	6991	3601
1980	6993	3597
1981	6996	3593
1982	6998	3589
1983	7000	3585
1984	7003	3580
1985	7004	3576
1986	7006	3572
1987	7008	3567
1988	7010	3563
1989	7012	3559
1990	7015	3555
1991	7018	3551
1992	7020	3547
1993	7022	3542
1994	7024	3538
1995	7026	3534
1996	7028	3530
1997	7031	3526
1998	7033	3522
1999	7035	3517
2000	7037	3513
2001	7039	3509
2002	7041	3505
2003	7044	3500
2004	7046	3497
2005	7049	3492
2006	7051	3488
2007	7053	3484
2008	7056	3480
2009	7058	3476
2010	7060	3472
2011	7063	3468
2012	7065	3464
2013	7068	3460
2014	7070	3456
2015	7072	3452
2016	7074	3448
2017	7077	3443
2018	7079	3439
2019	7081	3435
2020	7083	3431
2021	7086	3427
2022	7088	3423
2023	7090	3419
2024	7092	3415
2025	7095	3410
2026	7096	3406
2027	7099	3402
2028	7101	3398
2029	7103	3394
2030	7105	3390
2031	7108	3386
2032	7110	3381
2033	7112	3378
2034	7114	3373
2035	7116	3369
2036	7119	3365
2037	7121	3361
2038	7123	3357
2039	7125	3353
2040	7127	3349
2041	7130	3345
2042	7132	3340
2043	7134	3336
2044	7136	3332
2045	7138	3328
2046	7141	3324
2047	7142	3320
2048	7145	3316
2049	7147	3312
2050	7150	3308
2051	7152	3304
2052	7155	3300
2053	7157	3296
2054	7160	3292
2055	7162	3288
2056	7165	3284
2057	7167	3280
2058	7170	3276
2059	7172	3272
2060	7175	3269
2061	7177	3265
2062	7180	3261
2063	7182	3257
2064	7185	3253
2065	7188	3249
2066	7190	3245
2067	7193	3241
2068	7196	3238
2069	7199	3234
2070	7201	3230
2071	7204	3226
2072	7207	3222
2073	7209	3218
2074	7211	3214
2075	7214	3211
2076	7216	3207
2077	7219	3203
2078	7221	3199
2079	7224	3195
2080	7226	3191
2081	7229	3187
2082	7232	3184
2083	7234	3180
2084	7237	3176
2085	7239	3172
2086	7242	3168
2087	7244	3164
2088	7247	3160
2089	7249	3156
2090	7251	3152
2091	7253	3148
2092	7255	3144
2093	7257	3140
2094	7260	3136
2095	7262	3132
2096	7265	3128
2097	7267	3124
2098	7269	3120
2099	7271	3116
2100	7273	3112
2101	7276	3108
2102	7278	3104
2103	7281	3100
2104	7283	3096
2105	7285	3092
2106	7288	3088
2107	7290	3084
2108	7293	3081
2109	7295	3077
2110	7297	3073
2111	7299	3069
2112	7301	3065
2113	7304	3061
2114	7307	3057
2115	7309	3053
2116	7311	3049
2117	7313	3045
2118	7315	3041
2119	7317	3037
2120	7319	3033
2121	7321	3029
2122	7324	3025
2123	7326	3021
2124	7329	3017
2125	7331	3013
2126	7333	3009
2127	7335	3005
2128	7337	3002
2129	7340	2998
2130	7342	2994
2131	7344	2990
2132	7347	2986
2133	7349	2982
2134	7360	2981
2135	7365	2979
2136	7371	2976
2137	7376	2974
2138	7379	2970
2139	7381	2966
2140	7385	2963
2141	7387	2959
2142	7390	2955
2143	7393	2952
2144	7397	2948
2145	7399	2944
2146	7402	2940
2147	7405	2937
2148	7408	2933
2149	7411	2930
2150	7416	2927
2151	7420	2924
2152	7424	2920
2153	7428	2917
2154	7432	2914
2155	7436	2910
2156	7440	2907
2157	7443	2904
2158	7447	2900
2159	7450	2897
2160	7454	2894
2161	7458	2891
2162	7462	2887
2163	7465	2884
2164	7469	2880
2165	7474	2877
2166	7477	2874
2167	7480	2870
2168	7483	2866
2169	7486	2863
2170	7489	2859
2171	7492	2856
2172	7495	2852
2173	7498	2849
2174	7501	2845
2175	7505	2842
2176	7508	2838
2177	7511	2834
2178	7514	2831
2179	7516	2827
2180	7519	2823
2181	7522	2820
2182	7525	2816
2183	7528	2812
2184	7530	2809
2185	7533	2805
2186	7535	2801
2187	7538	2797
2188	7542	2794
2189	7545	2790
2190	7548	2787
2191	7551	2783
2192	7554	2779
2193	7557	2776
2194	7560	2772
2195	7563	2769
2196	7566	2765
2197	7568	2761
2198	7571	2758
2199	7574	2754
2200	7577	2750
2201	7580	2747
2202	7583	2743
2203	7586	2739
2204	7588	2736
2205	7591	2732
2206	7595	2728
2207	7597	2725
2208	7600	2721
2209	7603	2717
2210	7606	2714
2211	7609	2710
2212	7611	2706
2213	7614	2703
2214	7617	2699
2215	7621	2696
2216	7624	2692
2217	7627	2689
2218	7630	2685
2219	7632	2681
2220	7636	2678
2221	7639	2674
2222	7641	2671
2223	7644	2667
2224	7647	2663
2225	7650	2659
2226	7652	2656
2227	7655	2652
2228	7658	2649
2229	7661	2645
2230	7664	2641
2231	7667	2638
2232	7669	2634
2233	7672	2630
2234	7675	2627
2235	7678	2623
2236	7681	2619
2237	7684	2616
2238	7687	2612
2239	7690	2609
2240	7693	2605
2241	7696	2601
2242	7698	2598
2243	7702	2594
2244	7705	2591
2245	7707	2587
2246	7710	2583
2247	7713	2580
2248	7716	2576
2249	7719	2573
2250	7722	2569
2251	7724	2565
2252	7727	2561
2253	7730	2558
2254	7734	2555
2255	7737	2551
2256	7740	2548
2257	7742	2544
2258	7745	2540
2259	7747	2536
2260	7750	2533
2261	7753	2529
2262	7755	2525
2263	7758	2522
2264	7761	2518
2265	7763	2514
2266	7766	2511
2267	7769	2507
2268	7772	2503
2269	7775	2500
2270	7778	2496
2271	7781	2493
2272	7784	2489
2273	7787	2486
2274	7789	2482
2275	7792	2478
2276	7795	2475
2277	7797	2471
2278	7800	2467
2279	7803	2464
2280	7806	2460
2281	7808	2456
2282	7811	2453
2283	7814	2449
2284	7817	2446
2285	7820	2442
2286	7823	2438
2287	7825	2435
2288	7827	2431
2289	7830	2427
2290	7832	2424
2291	7851	2425
2292	7854	2421
2293	7857	2418
2294	7860	2414
2295	7863	2411
2296	7866	2407
2297	7869	2403
2298	7871	2400
2299	7874	2396
2300	7878	2393
2301	7880	2389
2302	7883	2385
2303	7885	2382
2304	7888	2378
2305	7890	2374
2306	7893	2371
2307	7895	2367
2308	7898	2363
2309	7901	2360
2310	7903	2356
2311	7906	2352
2312	7909	2349
2313	7911	2345
2314	7914	2341
2315	7917	2338
2316	7919	2334
2317	7921	2330
2318	7923	2326
2319	7925	2322
2320	7927	2319
2321	7929	2315
2322	7932	2311
2323	7935	2308
2324	7938	2304
2325	7941	2301
2326	7943	2297
2327	7946	2293
2328	7949	2290
2329	7952	2286
2330	7955	2283
2331	7957	2279
2332	7960	2275
2333	7963	2272
2334	7965	2268
2335	7967	2264
2336	7970	2261
2337	7972	2257
2338	7975	2253
2339	7978	2250
2340	7980	2246
2341	7983	2243
2342	7986	2239
2343	7989	2235
2344	7991	2232
2345	7993	2228
2346	7997	2225
2347	7999	2221
2348	8002	2217
2349	8004	2214
2350	8007	2210
2351	8009	2206
2352	8012	2203
2353	8016	2199
2354	8019	2196
2355	8021	2192
2356	8023	2188
2357	8026	2185
2358	8028	2181
2359	8031	2177
2360	8033	2174
2361	8034	2170
2362	8037	2166
2363	8040	2163
2364	8043	2159
2365	8046	2156
2366	8050	2152
2367	8052	2149
2368	8055	2145
2369	8058	2142
2370	8061	2138
2371	8064	2135
2372	8068	2131
2373	8071	2128
2374	8073	2124
2375	8076	2121
2376	8079	2117
2377	8081	2113
2378	8084	2110
2379	8087	2106
2380	8089	2103
2381	8092	2099
2382	8095	2096
2383	8097	2092
2384	8100	2088
2385	8109	2086
2386	8114	2083
2387	8118	2080
2388	8121	2077
2389	8124	2073
2390	8127	2070
2391	8131	2066
2392	8133	2063
2393	8136	2059
2394	8139	2056
2395	8141	2052
2396	8144	2048
2397	8147	2045
2398	8149	2041
2399	8152	2038
2400	8155	2034
2401	8157	2030
2402	8161	2027
2403	8163	2024
2404	8166	2020
2405	8168	2016
2406	8170	2012
2407	8172	2009
2408	8175	2005
2409	8178	2002
2410	8180	1998
2411	8182	1994
2412	8184	1991
2413	8186	1987
2414	8188	1983
2415	8189	1979
2416	8192	1976
2417	8194	1972
2418	8196	1968
2419	8198	1964
2420	8200	1961
2421	8202	1957
2422	8204	1953
2423	8206	1949
2424	8208	1946
2425	8210	1942
2426	8212	1938
2427	8214	1935
2428	8216	1931
2429	8218	1927
2430	8220	1924
2431	8222	1920
2432	8224	1916
2433	8226	1912
2434	8228	1909
2435	8230	1905
2436	8231	1901
2437	8233	1898
2438	8235	1894
2439	8237	1890
2440	8239	1886
2441	8241	1883
2442	8244	1879
2443	8246	1875
2444	8248	1872
2445	8250	1868
2446	8251	1864
2447	8253	1861
2448	8255	1857
2449	8257	1853
2450	8259	1850
2451	8261	1846
2452	8263	1842
2453	8266	1839
2454	8268	1835
2455	8270	1831
2456	8272	1828
2457	8274	1824
2458	8276	1820
2459	8279	1817
2460	8281	1813
2461	8283	1810
2462	8285	1806
2463	8288	1802
2464	8290	1799
2465	8293	1795
2466	8295	1792
2467	8297	1788
2468	8300	1785
2469	8302	1781
2470	8304	1777
2471	8306	1774
2472	8309	1770
2473	8311	1767
2474	8314	1763
2475	8315	1759
2476	8318	1756
2477	8320	1752
2478	8323	1749
2479	8326	1745
2480	8328	1742
2481	8331	1738
2482	8333	1735
2483	8335	1731
2484	8337	1727
2485	8340	1724
2486	8342	1720
2487	8344	1717
2488	8347	1713
2489	8349	1710
2490	8351	1706
2491	8353	1702
2492	8355	1699
2493	8358	1695
2494	8361	1692
2495	8363	1688
2496	8365	1685
2497	8367	1681
2498	8369	1677
2499	8371	1674
2500	8374	1670
2501	8376	1667
2502	8378	1663
2503	8381	1660
2504	8383	1656
2505	8385	1653
2506	8388	1649
2507	8390	1645
2508	8392	1642
2509	8394	1638
2510	8396	1635
2511	8399	1631
2512	8401	1628
2513	8403	1624
2514	8405	1620
2515	8407	1617
2516	8410	1613
2517	8412	1610
2518	8414	1606
2519	8416	1603
2520	8418	1599
2521	8420	1596
2522	8423	1592
2523	8425	1588
2524	8427	1585
2525	8430	1581
2526	8432	1578
2527	8434	1574
2528	8437	1571
2529	8439	1567
2530	8441	1564
2531	8444	1560
2532	8446	1557
2533	8448	1553
2534	8450	1550
2535	8452	1546
2536	8455	1543
2537	8457	1539
2538	8459	1535
2539	8461	1532
2540	8463	1528
2541	8466	1525
2542	8468	1521
2543	8470	1518
2544	8472	1514
2545	8475	1511
2546	8477	1507
2547	8479	1504
2548	8481	1500
2549	8483	1497
2550	8486	1493
2551	8489	1490
2552	8492	1486
2553	8495	1483
2554	8499	1480
2555	8502	1476
2556	8504	1473
2557	8507	1469
2558	8509	1466
2559	8512	1463
2560	8514	1459
2561	8519	1456
2562	8523	1453
2563	8526	1449
2564	8530	1446
2565	8532	1443
2566	8536	1439
2567	8539	1436
2568	8541	1433
2569	8544	1429
2570	8546	1426
2571	8549	1422
2572	8551	1419
2573	8555	1415
2574	8557	1412
2575	8560	1408
2576	8562	1405
2577	8565	1402
2578	8568	1398
2579	8571	1395
2580	8574	1391
2581	8576	1388
2582	8579	1385
2583	8581	1381
2584	8584	1378
2585	8587	1374
2586	8590	1371
2587	8592	1367
2588	8594	1364
2589	8597	1360
2590	8600	1357
2591	8602	1354
2592	8605	1350
2593	8607	1347
2594	8610	1343
2595	8613	1340
2596	8615	1336
2597	8618	1333
2598	8621	1330
2599	8623	1326
2600	8625	1323
2601	8628	1319
2602	8631	1316
2603	8634	1313
2604	8636	1309
2605	8639	1306
2606	8642	1302
2607	8644	1299
2608	8647	1295
2609	8650	1292
2610	8652	1289
2611	8655	1285
2612	8658	1282
2613	8660	1278
2614	8663	1275
2615	8666	1272
2616	8668	1268
2617	8671	1265
2618	8674	1261
2619	8676	1258
2620	8679	1255
2621	8681	1251
2622	8684	1248
2623	8686	1244
2624	8688	1241
2625	8690	1237
2626	8693	1234
2627	8695	1230
2628	8698	1227
2629	8700	1224
2630	8702	1220
2631	8705	1217
2632	8707	1213
2633	8710	1210
2634	8712	1206
2635	8716	1203
2636	8719	1200
2637	8722	1196
2638	8724	1193
2639	8726	1189
2640	8728	1186
2641	8731	1183
2642	8733	1179
2643	8736	1176
2644	8739	1173
2645	8743	1169
2646	8745	1166
2647	8748	1162
2648	8749	1159
2649	8752	1155
2650	8754	1152
2651	8756	1149
2652	8759	1145
2653	8761	1142
2654	8764	1138
2655	8767	1135
2656	8770	1132
2657	8772	1128
2658	8774	1125
2659	8776	1121
2660	8778	1118
2661	8781	1115
2662	8783	1111
2663	8786	1108
2664	8788	1104
2665	8790	1101
2666	8792	1097
2667	8794	1094
2668	8797	1090
2669	8800	1087
2670	8803	1084
2671	8805	1080
2672	8807	1077
2673	8809	1073
2674	8811	1070
2675	8813	1067
2676	8816	1063
2677	8817	1060
2678	8819	1056
2679	8821	1053
2680	8823	1049
2681	8825	1046
2682	8826	1042
2683	8829	1039
2684	8831	1036
2685	8833	1032
2686	8835	1029
2687	8836	1025
2688	8838	1022
2689	8840	1018
2690	8841	1015
2691	8843	1011
2692	8846	1008
2693	8848	1005
2694	8850	1001
2695	8852	998
2696	8854	994
2697	8855	991
2698	8857	987
2699	8859	984
2700	8861	981
2701	8863	977
2702	8865	974
2703	8867	970
2704	8869	967
2705	8871	963
2706	8872	960
2707	8875	956
2708	8877	953
2709	8879	950
2710	8881	946
2711	8882	943
2712	8884	939
2713	8886	936
2714	8888	933
2715	8889	929
2716	8892	926
2717	8894	922
2718	8896	919
2719	8898	915
2720	8899	912
2721	8901	909
2722	8904	905
2723	8905	902
2724	8907	898
2725	8910	895
2726	8912	892
2727	8914	888
2728	8916	885
2729	8917	881
2730	8919	878
2731	8921	875
2732	8923	871
2733	8926	868
2734	8928	865
2735	8930	861
2736	8932	858
2737	8934	854
2738	8935	851
2739	8938	848
2740	8939	844
2741	8941	841
2742	8943	837
2743	8945	834
2744	8947	831
2745	8949	827
2746	8951	824
2747	8953	821
2748	8955	817
2749	8957	814
2750	8960	811
2751	8962	807
2752	8964	804
2753	8966	800
2754	8968	797
2755	8970	794
2756	8972	790
2757	8974	787
2758	8976	784
2759	8979	780
2760	8981	777
2761	8982	774
2762	8984	770
2763	8986	767
2764	8987	763
2765	8989	760
2766	8991	757
2767	8993	753
2768	8995	750
2769	8997	747
2770	8999	743
2771	9001	740
2772	9002	736
2773	9004	733
2774	9006	730
2775	9008	726
2776	9010	723
2777	9012	720
2778	9015	716
2779	9016	713
2780	9018	710
2781	9020	706
2782	9040	704
2783	9042	701
2784	9044	698
2785	9047	694
2786	9050	691
2787	9052	688
2788	9053	684
2789	9055	681
2790	9057	678
2791	9058	674
2792	9060	671
2793	9062	668
2794	9064	664
2795	9065	661
2796	9067	658
2797	9069	654
2798	9070	651
2799	9072	648
2800	9074	644
2801	9076	641
2802	9077	638
2803	9079	634
2804	9081	631
2805	9082	627
2806	9084	624
2807	9086	621
2808	9088	617
2809	9090	614
2810	9093	611
2811	9095	608
2812	9097	604
2813	9099	601
2814	9101	598
2815	9102	594
2816	9104	591
2817	9106	588
2818	9108	584
2819	9110	581
2820	9112	578
2821	9114	574
2822	9115	571
2823	9117	568
2824	9119	564
2825	9121	561
2826	9122	558
2827	9124	554
2828	9126	551
2829	9128	548
2830	9129	545
2831	9131	541
2832	9133	538
2833	9135	535
2834	9136	531
2835	9138	528
2836	9140	525
2837	9142	521
2838	9143	518
2839	9145	515
2840	9147	511
2841	9149	508
2842	9153	505
282883	8964	36282884	8967	357
2885	8969	354
2886	8971	351
2887	8973	342848	9179	486
2849	9181	483
2850	9183	479
2851	9186	476
2852	9188	473
2853	9190	470
2854	9192	466
2855	9194	463
2856	9196	460
2857	9197	456
2858	9199	453
2859	9201	450
2860	9204	447
2861	9205	443
2862	9207	440
2863	9209	437
2864	9211	434
2865	9212	430
2866	9214	427
2867	9216	424
2868	9217	420
2869	9219	417
2870	9221	414
2871	9223	411
2872	9225	407
2873	9226	404
2874	9228	401
2875	9229	397
2876	9231	394
2877	9233	391
2878	9235	388
2879	9237	384
282920	9046	24282921	9048	24282922	9050	23282923	9052	23282924	9054	23282925	9056	229
2926	9059	225
2927	9061	222
2928	9063	219
2929	9065	216
2930	9067	213
2931	9069	210
2932	9071	207
2933	9073	204
2934	9076	201
2935	9079	197
2936	9080	194
2937	9083	191
2938	9085	188
2939	9087	185
2940	9089	182
2941	9091	179
2942	9093	176
2943	9095	173
2944	9097	169
2945	9099	166
2946	9101	163
2947	9103	160
2948	9105	157
2949	9107	154
2950	9109	151
2951	9111	148
2952	9113	145
2953	9115	141
2954	9117	138
2955	9119	135
2956	9120	132
2957	9122	129
2958	9124	126
2959	9125	123
2960	9127	120
2961	9128	117
2962	9130	114
2963	9132	110
2964	9133	107
2965	9135	104
2966	9137	101
2967	9138	98
2968	9140	95
2969	9142	92
2970	9144	89
2971	9145	86
2972	9147	83
2973	9149	79
2974	9150	76
2975	9152	73
2976	9154	70
2977	9156	67
2978	9157	64
2979	9159	61
2980	9161	58
2981	9162	55
2982	9164	52
2983	9166	49
2984	9168	46
2985	9169	42
2986	9172	39
2987	9173	36
2988	9175	33
2989	9177	30
2990	9178	27
2991	9180	24
2992	9182	21
2993	9183	18
2994	9185	15
2995	9186	12
2996	9188	9
2997	9190	6
2998	9192	3
2999	9193	0
62	132
2958	9364	129
2959	9365	126
2960	9367	123
2961	9368	120
2962	9370	117
2963	9371	113
2964	9373	110
2965	9374	107
2966	9376	104
2967	9377	101
2968	9379	97
2969	9380	94
2970	9381	91
2971	9383	88
2972	9385	85
2973	9386	82
2974	9387	78
2975	9388	75
2976	9390	72
2977	9391	69
2978	9392	66
2979	9393	63
2980	9394	59
2981	9395	56
2982	9397	53
2983	9398	50
2984	9399	47
2985	9400	44
2986	9402	40
2987	9403	37
2988	9404	34
2989	9405	31
2990	9406	28
2991	9408	25
2992	9409	22
2993	9410	18
2994	9411	15
2995	9413	12
2996	9414	9
2997	9415	6
2998	9417	3
2999	9418	0
